Camera.Trap.Name,Project.Name,Organization,latitude,longitude,altitude,declividade,water_dist,hfi,forest,grassland,pasture,water
CT-RBG-1-02,Gurupi,ICMBio/CENAP,-3.22661,-46.703027,102,2.09473991394043,2228.85457093,1,1,0,0,0
CT-RBG-1-03,Gurupi,ICMBio/CENAP,-3.227775,-46.691263,106,3.3102400302887,1847.2258591,1,1,0,0,0
CT-RBG-1-04,Gurupi,ICMBio/CENAP,-3.24028,-46729,101,1.10350000858307,3877.92297417,1,1,0,0,0
CT-RBG-1-06,Gurupi,ICMBio/CENAP,-3.239557,-46.691362,113,15.8520002365112,2817.7744377,1,1,0,0,0
CT-RBG-1-07,Gurupi,ICMBio/CENAP,-3.239535,-46.678685,107,2.06619000434875,1796.76716403,1,1,0,0,0
CT-RBG-1-09,Gurupi,ICMBio/CENAP,-3.25179,-46.766254,90,4.49486017227173,1466.06179785,1,1,0,0,0
CT-RBG-1-10,Gurupi,ICMBio/CENAP,-3.252062,-46.754054,91,5.72036981582642,2222.33968955,1,1,0,0,0
CT-RBG-1-11,Gurupi,ICMBio/CENAP,-3.251852,-46.741058,92,4.23891019821167,3203.53445113,1,1,0,0,0
CT-RBG-1-12,Gurupi,ICMBio/CENAP,-3.252206,-46.729105,107,5.21742010116577,3889.8734145,1,1,0,0,0
CT-RBG-1-13,Gurupi,ICMBio/CENAP,-3.25283,-46.71641,108,4.34048986434937,4639.72514638,1,1,0,0,0
CT-RBG-1-14,Gurupi,ICMBio/CENAP,-3.251912,-46.703151,101,6.36515998840332,4685.56144354,1,1,0,0,0
CT-RBG-1-15,Gurupi,ICMBio/CENAP,-3.252476,-46.691926,121,2.3586699962616,3845.28635136,1,0.853235024672511,0,0.146924931239299,0
CT-RBG-1-16,Gurupi,ICMBio/CENAP,-3.251619,-46.678616,108,3.61487007141113,2932.64428128,1,1,0,0,0
CT-RBG-1-18,Gurupi,ICMBio/CENAP,-3.264253,-46.76611,78,6.33932018280029,415.565451676,1,1,0,0,0
CT-RBG-1-19,Gurupi,ICMBio/CENAP,-3.264601,-46.753655,87,3.10277009010315,1260.3291538,1,1,0,0,0
CT-RBG-1-20,Gurupi,ICMBio/CENAP,-3.264619,-46.741838,94,2.62212991714478,1986.68622685,1,1,0,0,0
CT-RBG-1-21,Gurupi,ICMBio/CENAP,-3.264898,-46.729564,101,8.55722045898438,2705.75410078,1,1,0,0,0
CT-RBG-1-22,Gurupi,ICMBio/CENAP,-3.264918,-46.716692,98,3.99469995498657,3660.02912081,1,1,0,0,0
CT-RBG-1-23,Gurupi,ICMBio/CENAP,-3.265264,-46.703457,122,4.45478010177612,4714.07020754,1,1,0,0,0
CT-RBG-1-24,Gurupi,ICMBio/CENAP,-3.264437,-46.692177,103,7.33276987075806,4903.82832584,1,1,0,0,0
CT-RBG-1-25,Gurupi,ICMBio/CENAP,-3.26461,-46.679005,112,4.30183982849121,3881.72125839,1,1,0,0,0
CT-RBG-1-28,Gurupi,ICMBio/CENAP,-3.277744,-46.716098,100,5.04893016815186,2748.97001037,1,1,0,0,0
CT-RBG-1-29,Gurupi,ICMBio/CENAP,-3.277047,-46.704653,115,4.79232978820801,3735.12063124,1,1,0,0,0
CT-RBG-1-30,Gurupi,ICMBio/CENAP,-3.27748,-46.691937,119,7.49892997741699,4672.74127662,1,1,0,0,0
CT-RBG-1-33,Gurupi,ICMBio/CENAP,-3.289789,-46.716728,109,2.75789999961853,1833.81336868,1,1,0,0,0
CT-RBG-1-34,Gurupi,ICMBio/CENAP,-3.289653,-46.704125,106,4.60793018341064,2765.73119286,1,1,0,0,0
CT-RBG-1-35,Gurupi,ICMBio/CENAP,-3.289966,-46.691848,126,5.05684995651245,3844.17834676,1,1,0,0,0
CT-RBG-1-36,Gurupi,ICMBio/CENAP,-3.302349,-46.704251,116,6.36596012115479,2030.89114325,1,1,0,0,0
CT-RBG-2-102,Gurupi,ICMBio/CENAP,-3.708585,-46.792586,182,18.1049995422363,550.770565118,1,0.987784399138203,0,0.012436924769627,0
CT-RBG-2-103,Gurupi,ICMBio/CENAP,-3.707807,-46.700378,301,6.87439012527466,2518.12619096,2,1,0,0,0
CT-RBG-2-104,Gurupi,ICMBio/CENAP,-3.707437,-46.754258,146,8.70326995849609,66.7529626978,1,0.896798324488396,0,0.102974093700422,0
CT-RBG-2-105,Gurupi,ICMBio/CENAP,-3.707948,-46.743528,157,12.1491003036499,82.7648420267,1,0.777687359077164,0,0.222259581208029,0
CT-RBG-2-112,Gurupi,ICMBio/CENAP,-3.720498,-46.781369,215,13.1912002563477,958.646283631,1,0.840260501201873,0,0.159636142831946,0
CT-RBG-2-118,Gurupi,ICMBio/CENAP,-3.73282,-46.780214,262,33.2919998168945,296.831741877,1,0.894055729250917,0,0.105697596469356,0
CT-RBG-2-126,Gurupi,ICMBio/CENAP,-3.745811,-46.767852,231,8.32600021362305,660.648228734,1,1,0,0,0
CT-RBG-2-133,Gurupi,ICMBio/CENAP,-3.758445,-46.78048,210,27.0240993499756,323.566335693,1,0.997194069781136,0,0.003010866403908,0
CT-RBG-2-134,Gurupi,ICMBio/CENAP,-3.75802,-46.7685,219,7.05211019515991,409.098929918,1,0.978736723360953,0,0.021136330099638,0
CT-RBG-2-37,Gurupi,ICMBio/CENAP,-3.530397,-46.818708,118,4.15230989456177,967.081339519,1,0.716922381915119,0,0.283089202668965,0
CT-RBG-2-38,Gurupi,ICMBio/CENAP,-3.529959,-46.805203,122,5.12079000473022,1404.97381344,1,0.889459425291033,0,0.110386484947037,0
CT-RBG-2-39,Gurupi,ICMBio/CENAP,-3.530557,-46.793174,125,4.88410997390747,1616.27665455,1,0.833942229791558,0,0.166122250729547,0
CT-RBG-2-40,Gurupi,ICMBio/CENAP,-3.542876,-46.817818,88,3.16962003707886,408.54532077,1,0.396222187115733,0,0.603927249141333,0
CT-RBG-2-41,Gurupi,ICMBio/CENAP,-3.543335,-46.80559,123,3.72252011299133,766.305568621,1,0.979572978467573,0,0.020532156148222,0
CT-RBG-2-46,Gurupi,ICMBio/CENAP,-3.556183,-46.80536,114,13.7360000610352,623.64230987,1,0.497471077672746,0,0.502551793919229,0
CT-RBG-2-47,Gurupi,ICMBio/CENAP,-3.556375,-46.79295,127,6.32546997070313,680.201607651,1,0.911178802599483,0,0.088704000977261,0
CT-RBG-2-49,Gurupi,ICMBio/CENAP,-3.56848,-46.805357,98,8.01834964752197,272.05111027,1,0.860651382162584,0,0.139189451552371,0
CT-RBG-2-50,Gurupi,ICMBio/CENAP,-3.568634,-46.793334,140,7.88194990158081,1534.48026235,1,0.742140467712766,0,0.24347791093883,0.014215680617553
CT-RBG-2-50,Gurupi,ICMBio/CENAP,-3.568634,-46.79333,140,7.88194990158081,1534.91962112,1,0.742140467712766,0,0.110202004243617,0.014215680617553
CT-RBG-2-60,Gurupi,ICMBio/CENAP,-3.619309,-46.805385,140,7.99660015106201,677.210688948,1,0.889552633856383,0,0.110202004243617,0
CT-RBG-2-61,Gurupi,ICMBio/CENAP,-3.619222,-46.792919,149,16.2423992156982,1783.30253914,1,0.888681783257024,0,0.111218610266389,0
CT-RBG-2-64,Gurupi,ICMBio/CENAP,-3.622169,-46.814743,122,9.69972038269043,198.474647032,1,0.847996981580578,0,0.15205773309969,0
CT-RBG-2-65,Gurupi,ICMBio/CENAP,-3.631999,-46.792824,155,5.62637996673584,1664.69538147,1,0.984942345849948,0,0.01481624428085,0
CT-RBG-2-68,Gurupi,ICMBio/CENAP,-3.644836,-46.805119,135,9.20199012756348,194.048434268,1,0.911861738625914,0,0.087877182461338,0
CT-RBG-2-70,Gurupi,ICMBio/CENAP,-3.644545,-46.793328,156,12.951000213623,592.242205591,1,0.997264188184647,0,0.002502500631017,0
CT-RBG-2-71,Gurupi,ICMBio/CENAP,-3.644594,-46.780198,260,36.0937995910645,922.192186863,1,0.986228806580176,0,0.013695201592839,0
CT-RBG-2-72,Gurupi,ICMBio/CENAP,-3.644882,-46.770165,188,22.1846008300781,1118.97899743,1,1,0,0,0
CT-RBG-2-73,Gurupi,ICMBio/CENAP,-3.657419,-46.793539,149,9.23659038543701,394.738580024,1,1,0,0,0
CT-RBG-2-78,Gurupi,ICMBio/CENAP,-3.657022,-46.780761,194,13.0846996307373,473.751341461,1,1,0,0,0
CT-RBG-2-79,Gurupi,ICMBio/CENAP,-3.657195,-46.767886,163,13.4170999526978,645.275440355,1,0.878838035023425,0,0.115572079132743,0.005723778181416
CT-RBG-2-80,Gurupi,ICMBio/CENAP,-3.656797,-46.756224,169,10.7958002090454,927.332038371,1,0.94472512625196,0,0.040323717863304,0.015106631897805
CT-RBG-2-81,Gurupi,ICMBio/CENAP,-3.669726,-46.830705,139,15.961199760437,82.6658446562,1,0.72503807897818,0,0.274768195925492,0
CT-RBG-2-82,Gurupi,ICMBio/CENAP,-3.669752,-46.818105,159,10.4570999145508,1246.04268946,1,0.956560293946117,0,0.0436167912729,0
CT-RBG-2-83,Gurupi,ICMBio/CENAP,-3.669777,-46.805504,150,12.067099571228,1493.26628564,1,1,0,0,0
CT-RBG-2-84,Gurupi,ICMBio/CENAP,-3.670092,-46.780395,128,20.0100994110107,49.8814897146,1,0.75628186336478,0,0.243689531393606,0
CT-RBG-2-85,Gurupi,ICMBio/CENAP,-3.670033,-46.767814,170,19.2684993743896,557.736025219,1,0.899499615843405,0,0.100307562817656,0
CT-RBG-2-88,Gurupi,ICMBio/CENAP,-3.682385,-46.830731,146,10.4086999893188,470.793903083,1,0.956733124795104,0,0.043292229360937,0
CT-RBG-2-89,Gurupi,ICMBio/CENAP,-3.682411,-46.81813,174,16.5925998687744,412.483675827,1,1,0,0,0
CT-RBG-2-90,Gurupi,ICMBio/CENAP,-3.682437,-46.805529,177,3.70672011375427,1772.59923323,1,1,0,0,0
CT-RBG-2-91,Gurupi,ICMBio/CENAP,-3.682513,-46.767726,187,6.93549013137817,1071.42168037,1,0.870533595626976,0,0.129466612877766,0
CT-RBG-2-92,Gurupi,ICMBio/CENAP,-3.682538,-46.755125,187,14.9856996536255,503.559650482,1,0.8506173293796,0,0.149302109164038,0
CT-RBG-2-95,Gurupi,ICMBio/CENAP,-3.695146,-46.767968,149,9.89441013336182,375.183850588,1,0.935618701137088,0,0.064142731007439,0
CT-RBG-2-96,Gurupi,ICMBio/CENAP,-3.695143,-46.755332,186,16.9395008087158,910.984424327,1,0.959762520318979,0,0.040312783238809,0
CT-RBG-E-01,Gurupi,ICMBio/CENAP,-3.91822,-46.750752,230,4.42477989196777,931.936813651,2,0.839059098633938,0,0.160799818110459,0
CT-RBG-E-03,Gurupi,ICMBio/CENAP,-3.978769,-46.782372,274,5.76383018493652,1180.42765289,2,0.807971160005211,0,0.191832948346014,0
CT-RBG-E-04,Gurupi,ICMBio/CENAP,-3.999588,-46.811353,254,3.54380011558533,1378.02190048,2,1,0,0,0
CT-RBG-E-05,Gurupi,ICMBio/CENAP,-3.820598,-46.797596,155,9.43146991729736,17.0306297235,1,0.791853827413249,0,0.208313238987907,0
CT-RBG-E-06,Gurupi,ICMBio/CENAP,-3.833428,-46.822961,278,7.65875005722046,617.239864957,1,1,0,0,0
CT-RBG-E-07,Gurupi,ICMBio/CENAP,-3.847401,-46.837901,268,4.62216997146606,1287.47357523,1,0.842798233544369,0,0.157309784929943,0
CT-RBG-E-08,Gurupi,ICMBio/CENAP,-3.923476,-46.767799,214,7.94771003723145,1672.90804925,1,1,0,0,0
CT-RBG-E-09,Gurupi,ICMBio/CENAP,-3.898234,-46.732862,267,7.91927003860474,1813.6176761,3,0.966193542531315,0,0.033923269005376,0
CT-RBG-E-10,Gurupi,ICMBio/CENAP,-3.656198,-46.808531,137,4.38093996047974,894.667361495,1,0.914044441787738,0,0.085800665447707,0
CT-RBG-E-11,Gurupi,ICMBio/CENAP,-3.681348,-46.77811,133,20.6646995544434,122.609096201,1,0.961813293963542,0,0.027997232484792,0.009995197575417
CT-RBG-E-12,Gurupi,ICMBio/CENAP,-3.708174,-46.78228,147,9.64846992492676,12.4560100513,1,1,0,0,0
CT-RBG-E-13,Gurupi,ICMBio/CENAP,-3.736916,-46.77838,185,7.54968023300171,583.320995251,1,1,0,0,0
CT-RBG-E-14,Gurupi,ICMBio/CENAP,-3.763861,-46.784028,172,18.3847999572754,8.8812143345,1,1,0,0,0
CT-RBG-E-15,Gurupi,ICMBio/CENAP,-3.594685,-46.76321,139,7.25987005233765,666.548717242,1,0.972879034932079,0,0.027071922333856,0
CT-RBG-E-16,Gurupi,ICMBio/CENAP,-3.582056,-46.778556,113,14.3521003723145,1168.12450788,1,0.494152663821559,0,0.505899886102564,0
CT-RBG-E-17,Gurupi,ICMBio/CENAP,-3.62367,-46.814888,128,12.1830997467041,226.201724741,1,1,0,0,0
CT-RBG-E-18,Gurupi,ICMBio/CENAP,-3.572861,-46.80337,100,16.3363990783691,449.645088912,1,0.653229460271682,0,0.346844430970219,0
CT-RBG-E-19,Gurupi,ICMBio/CENAP,-3.548017,-46.812037,87,3.88321995735168,133.096289555,1,0.810011010816537,0,0.189753058396382,0
CT-RBG-E-20,Gurupi,ICMBio/CENAP,-3.519767,-46.826005,109,16.002799987793,728.428115575,1,0.8940245837976,0,0.105903756578508,0
CT-RBG-E-21,Gurupi,ICMBio/CENAP,-3.49217,-46.834217,104,7.58173990249634,1304.31739526,1,0.774775701428572,0,0.225354482868254,0
CT-RBG-E-22,Gurupi,ICMBio/CENAP,-3.684902,-46.763611,154,9.34747982025147,1292.33017004,1,0.888613467321149,0,0.111634024223499,0
CT-RBG-E-23,Gurupi,ICMBio/CENAP,-3.693223,-46.747728,171,16.6193008422852,1144.60127031,1,1,0,0,0
CT-RBG-E-24,Gurupi,ICMBio/CENAP,-3.465009,-46.842187,96,9.77896022796631,1997.44647722,1,0.9203243145469,0,0.027296427753948,0.052473400544462
CT-RBG-E-25,Gurupi,ICMBio/CENAP,-3.230414,-46.674824,81,2.16140007972717,754.289425834,1,1,0,0,0
CT-RBG-E-26,Gurupi,ICMBio/CENAP,-3.287364,-46.716591,109,4.50297021865845,1992.34748165,1,1,0,0,0
CT-RBG-E-27,Gurupi,ICMBio/CENAP,-3.255129,-46.695433,113,3.17090010643005,4320.06345021,1,1,0,0,0
CT-RBG-E-28,Gurupi,ICMBio/CENAP,-3.266384,-46.734942,91,3.56499004364014,2265.55883709,1,1,0,0,0
CT-RBG-E-29,Gurupi,ICMBio/CENAP,-3.50326,-46.619696,124,6.81616020202637,124.274608741,1,0.993702739567708,0,0,0.00625713484724
CT-RBG-E-30,Gurupi,ICMBio/CENAP,-3.534453,-46.57458,150,16.264799118042,207.161560103,2,0.707378780110236,0,0.292469256308136,0
CT-RBG-E-31,Gurupi,ICMBio/CENAP,-3.513277,-46.584076,135,7.09558010101318,164.754675956,1,1,0,0,0
CT-RBG-E-32,Gurupi,ICMBio/CENAP,-3.499625,-46.607311,146,11.9607000350952,649.776661632,1,1,0,0,0
CT-RBG-E-33,Gurupi,ICMBio/CENAP,-3.485186,-46.621855,167,13.6155004501343,1390.23395448,1,1,0,0,0
CT-RBG-E-34,Gurupi,ICMBio/CENAP,-3.501533,-46.757641,113,13.5968999862671,469.275101724,1,0.984145228357664,0,0.015691265086288,0
CT-RBG-E-35,Gurupi,ICMBio/CENAP,-3.477159,-46.77059,116,9.84490013122559,2362.54893222,1,0.918107816744066,0,0.081849422496904,0
CT-RBG-E-36,Gurupi,ICMBio/CENAP,-3.487357,-46.806423,123,4.10226011276245,3224.37434026,1,0.689573895343832,0,0.310202642116535,0
CT-RBG-E-37,Gurupi,ICMBio/CENAP,-3.441236,-46.849284,92,6.08688020706177,2443.46449088,1,0.933876048604529,0,0.066352685836756,0
CT-RBG-E-38,Gurupi,ICMBio/CENAP,-3.670051,-46.780463,128,20.0100994110107,58.4678125732,1,0.754929282779519,0,0.244845470155172,0
CT-TDM-1-06,Terra-do-Meio,ICMBio/CENAP,-4.634301,-53.594337,165,7.95861005783081,281.214272412,0,1,0,0,0
CT-TDM-1-07,Terra-do-Meio,ICMBio/CENAP,-4.634436,-53.581913,176,1.41556000709534,281.092779481,0,1,0,0,0
CT-TDM-1-08,Terra-do-Meio,ICMBio/CENAP,-4.634503,-53.569058,170,2.46735000610352,528.68155259,0,1,0,0,0
CT-TDM-1-09,Terra-do-Meio,ICMBio/CENAP,-4.63447,-53.556994,176,2.86193990707397,368.818875276,0,1,0,0,0
CT-TDM-1-11,Terra-do-Meio,ICMBio/CENAP,-4.646967,-53.606934,167,3.13239002227783,1126.76770219,0,1,0,0,0
CT-TDM-1-12,Terra-do-Meio,ICMBio/CENAP,-4.647581,-53.61841,181,5.40481996536255,421.652491896,0,1,0,0,0
CT-TDM-1-120,Terra-do-Meio,ICMBio/CENAP,-4.759841,-53.592359,176,7.61361980438232,169.963882755,0,1,0,0,0
CT-TDM-1-121,Terra-do-Meio,ICMBio/CENAP,-4.670456,-53.611263,169,29.99049949646,381.336474116,0,0.920201366172578,0,0,0.079875754476972
CT-TDM-1-122,Terra-do-Meio,ICMBio/CENAP,-4.761959,-53.603692,184,3.8144199848175,730.749251906,0,1,0,0,0
CT-TDM-1-123,Terra-do-Meio,ICMBio/CENAP,-4.76035,-53.61702,184,2.37701010704041,416.967246284,0,1,0,0,0
CT-TDM-1-124,Terra-do-Meio,ICMBio/CENAP,-4.731105,-53.593401,164,3.153480052948,369.862395875,0,1,0,0,0
CT-TDM-1-125,Terra-do-Meio,ICMBio/CENAP,-4.734463,-53.60571,180,3.14476990699768,502.299473389,0,1,0,0,0
CT-TDM-1-13,Terra-do-Meio,ICMBio/CENAP,-4.647902,-53.631381,181,3.02265000343323,306.275959623,0,1,0,0,0
CT-TDM-1-14,Terra-do-Meio,ICMBio/CENAP,-4.647296,-53.643587,192,9.6874303817749,547.740696012,0,1,0,0,0
CT-TDM-1-16,Terra-do-Meio,ICMBio/CENAP,-4.646917,-53.593801,173,3.08728003501892,269.680503217,0,1,0,0,0
CT-TDM-1-17,Terra-do-Meio,ICMBio/CENAP,-4.647185,-53.581972,171,7.61032009124756,988.921836343,0,1,0,0,0
CT-TDM-1-18,Terra-do-Meio,ICMBio/CENAP,-4.646442,-53.568599,185,6.96469020843506,1464.50923419,0,1,0,0,0
CT-TDM-1-19,Terra-do-Meio,ICMBio/CENAP,-4.6469,-53.61841,181,3.47968006134033,396.578136891,0,1,0,0,0
CT-TDM-1-21,Terra-do-Meio,ICMBio/CENAP,-4.659702,-53.605872,179,10.5044002532959,583.126571232,0,1,0,0,0
CT-TDM-1-22,Terra-do-Meio,ICMBio/CENAP,-4.659856,-53.618978,207,7.5104398727417,992.57982223,0,1,0,0,0
CT-TDM-1-23,Terra-do-Meio,ICMBio/CENAP,-4.65956,-53.631561,166,7.95739984512329,69.773306567,0,1,0,0,0
CT-TDM-1-24,Terra-do-Meio,ICMBio/CENAP,-4.659287,-53.643237,186,5.97981023788452,244.225159218,0,1,0,0,0
CT-TDM-1-26,Terra-do-Meio,ICMBio/CENAP,-4.660573,-53.593467,167,16.4314994812012,186.912929583,0,1,0,0,0
CT-TDM-1-27,Terra-do-Meio,ICMBio/CENAP,-4.659458,-53.581906,172,2.49686002731323,684.314938597,0,1,0,0,0
CT-TDM-1-28,Terra-do-Meio,ICMBio/CENAP,-4.659462,-53.569345,168,4.4790301322937,522.554874718,0,1,0,0,0
CT-TDM-1-29,Terra-do-Meio,ICMBio/CENAP,-4.659582,-53.556483,174,5.13205003738403,476.704789097,0,1,0,0,0
CT-TDM-1-31,Terra-do-Meio,ICMBio/CENAP,-4.672783,-53.622411,159,3.68485999107361,46.6951835289,0,1,0,0,0
CT-TDM-1-32,Terra-do-Meio,ICMBio/CENAP,-4.672892,-53.632444,167,1.96100997924805,267.736016092,0,1,0,0,0
CT-TDM-1-33,Terra-do-Meio,ICMBio/CENAP,-4.672491,-53.643882,178,3.27519989013672,339.010368236,0,1,0,0,0
CT-TDM-1-36,Terra-do-Meio,ICMBio/CENAP,-4.672691,-53.594595,170,6.05200004577637,948.156757089,0,1,0,0,0
CT-TDM-1-37,Terra-do-Meio,ICMBio/CENAP,-4.672273,-53.581883,160,4.02142000198364,698.807734835,0,1,0,0,0
CT-TDM-1-41,Terra-do-Meio,ICMBio/CENAP,-4.684287,-53.691959,200,4.66883993148804,890.123984926,0,1,0,0,0
CT-TDM-1-42,Terra-do-Meio,ICMBio/CENAP,-4.685691,-53.5808,178,6.1016697883606,952.279866907,0,1,0,0,0
CT-TDM-1-43,Terra-do-Meio,ICMBio/CENAP,-4.684735,-53.568135,172,3.37502002716064,1271.9084565,0,1,0,0,0
CT-TDM-1-44,Terra-do-Meio,ICMBio/CENAP,-4.684583,-53.55653,160,2.14121007919312,238.069226294,0,1,0,0,0
CT-TDM-1-46,Terra-do-Meio,ICMBio/CENAP,-4.698073,-53.56853,170,5.46861982345581,798.28625857,0,1,0,0,0
CT-TDM-1-47,Terra-do-Meio,ICMBio/CENAP,-4.697537,-53.55609,172,5.7878999710083,278.487972241,0,1,0,0,0
CT-TDM-1-48,Terra-do-Meio,ICMBio/CENAP,-4.69766,-53.54378,175,3.36091995239258,553.484969012,0,1,0,0,0
CT-TDM-1-51,Terra-do-Meio,ICMBio/CENAP,-4.709954,-53.568581,159,6.77726984024048,196.397576401,0,1,0,0,0
CT-TDM-1-52,Terra-do-Meio,ICMBio/CENAP,-4.709992,-53.55633,185,3.22461009025574,492.190165384,0,1,0,0,0
CT-TDM-1-53,Terra-do-Meio,ICMBio/CENAP,-4.710094,-53.543602,180,5.9350700378418,834.323807817,0,1,0,0,0
CT-TDM-1-54,Terra-do-Meio,ICMBio/CENAP,-4.709758,-53.5311,179,5.98058986663818,1006.01082066,0,1,0,0,0
CT-TDM-1-61,Terra-do-Meio,ICMBio/CENAP,-4.722277,-53.556172,189,3.58330011367798,895.995642437,0,1,0,0,0
CT-TDM-1-62,Terra-do-Meio,ICMBio/CENAP,-4.722239,-53.54296,173,5.01746988296509,160.38830906,0,1,0,0,0
CT-TDM-1-63,Terra-do-Meio,ICMBio/CENAP,-4.722769,-53.53051,178,1.50406002998352,1219.16047846,0,1,0,0,0
CT-TDM-1-64,Terra-do-Meio,ICMBio/CENAP,-4.722544,-53.518734,198,5.96181011199951,1304.86187937,0,1,0,0,0
CT-TDM-1-66,Terra-do-Meio,ICMBio/CENAP,-4.735447,-53.568433,166,3.91722989082336,469.593884453,0,1,0,0,0
CT-TDM-1-67,Terra-do-Meio,ICMBio/CENAP,-4.73549,-53.555669,176,5.45308017730713,137.954098978,0,1,0,0,0
CT-TDM-1-68,Terra-do-Meio,ICMBio/CENAP,-4.735566,-53.543804,183,11.1934995651245,502.021427538,0,1,0,0,0
CT-TDM-1-72,Terra-do-Meio,ICMBio/CENAP,-4.748237,-53.5935,188,6.31246995925903,971.609244122,0,1,0,0,0
CT-TDM-1-73,Terra-do-Meio,ICMBio/CENAP,-4.748357,-53.6061,184,5.4023699760437,764.746701689,0,1,0,0,0
CT-TDM-1-74,Terra-do-Meio,ICMBio/CENAP,-4.748456,-53.61888,172,5.3023099899292,427.401655194,0,1,0,0,0
CT-TDM-1-75,Terra-do-Meio,ICMBio/CENAP,-4.749131,-53.631299,185,3.40819001197815,162.190482587,0,1,0,0,0
CT-TDM-1-76,Terra-do-Meio,ICMBio/CENAP,-4.748074,-53.555552,173,4.76539993286133,304.604742493,0,1,0,0,0
CT-TDM-1-77,Terra-do-Meio,ICMBio/CENAP,-4.74756,-53.543641,182,8.22632026672363,938.064067913,0,1,0,0,0
CT-TDM-1-78,Terra-do-Meio,ICMBio/CENAP,-4.747948,-53.531312,171,7.29160976409912,126.892614154,0,1,0,0,0
CT-TDM-1-79,Terra-do-Meio,ICMBio/CENAP,-4.748157,-53.518174,185,4.89556980133057,101.765048109,0,1,0,0,0
CT-TDM-1-81,Terra-do-Meio,ICMBio/CENAP,-4.760732,-53.555707,169,5.42201995849609,841.920811084,0,1,0,0,0
CT-TDM-1-82,Terra-do-Meio,ICMBio/CENAP,-4.760006,-53.569232,185,16.7369995117188,356.08762911,0,1,0,0,0
CT-TDM-1-83,Terra-do-Meio,ICMBio/CENAP,-4.760266,-53.58075,184,12.9258003234863,241.210019355,0,1,0,0,0
CT-TDM-1-84,Terra-do-Meio,ICMBio/CENAP,-4.759841,-53.592359,176,7.61361980438232,169.963882755,0,1,0,0,0
CT-TDM-1-86,Terra-do-Meio,ICMBio/CENAP,-4.760569,-53.542685,165,11.5015001296997,500.473066068,0,1,0,0,0
CT-TDM-1-87,Terra-do-Meio,ICMBio/CENAP,-4.760588,-53.53084,162,8.39136981964111,234.94088667,0,1,0,0,0
CT-TDM-1-88,Terra-do-Meio,ICMBio/CENAP,-4.760449,-53.518261,173,5.75626993179321,110.415999589,0,1,0,0,0
CT-TDM-1-89,Terra-do-Meio,ICMBio/CENAP,-4.760757,-53.505244,193,4.86815023422241,895.01092561,0,1,0,0,0
CT-EEM-1-1,Maraca,ICMBio/CENAP,3.40719,-61.49624,132,6.05812978744507,204.649356943,1,1,0,0,0
CT-EEM-1-10,Maraca,ICMBio/CENAP,3.39576,-61.446028,128,6.30930995941162,454.869520953,1,1,0,0,0
CT-EEM-1-11,Maraca,ICMBio/CENAP,3.38259,-61.48305,115,6.14690017700195,19.0685791852,0,1,0,0,0
CT-EEM-1-12,Maraca,ICMBio/CENAP,3.38254,-61.471147,113,7.01068019866943,461.031019795,0,1,0,0,0
CT-EEM-1-13,Maraca,ICMBio/CENAP,3.38245,-61.459055,138,7.35650014877319,394.273131017,0,1,0,0,0
CT-EEM-1-14,Maraca,ICMBio/CENAP,3.38242,-61.44533,124,5.33650016784668,629.513347683,1,1,0,0,0
CT-EEM-1-15,Maraca,ICMBio/CENAP,3.38271,-61.434053,114,12.6879997253418,743.599089038,2,1,0,0,0
CT-EEM-1-16,Maraca,ICMBio/CENAP,3.36914,-61.483703,119,11.9483995437622,1351.2280616,1,1,0,0,0
CT-EEM-1-17,Maraca,ICMBio/CENAP,3.36908,-61.471366,98,9.92442989349365,106.500690272,1,0.970207214802289,0,0.029548679322789,0
CT-EEM-1-18,Maraca,ICMBio/CENAP,3.36908,-61.458757,128,6.60845994949341,460.397820312,1,1,0,0,0
CT-EEM-1-19,Maraca,ICMBio/CENAP,3.36999,-61.446143,127,3.43360996246338,661.18130178,1,1,0,0,0
CT-EEM-1-2,Maraca,ICMBio/CENAP,3.40751,-61.48423,124,8.21488952636719,428.260220989,2,1,0,0,0
CT-EEM-1-20,Maraca,ICMBio/CENAP,3.37026,-61.434163,126,7.56908988952637,606.320191262,1,1,0,0,0
CT-EEM-1-21,Maraca,ICMBio/CENAP,3.39582,-61.49626,131,7.75727987289429,363.95586739,0,1,0,0,0
CT-EEM-1-3,Maraca,ICMBio/CENAP,3.40728,-61.47147,115,12.8105001449585,384.755948685,4,0.956575313128259,0,0.043575726928259,0
CT-EEM-1-31,Maraca,ICMBio/CENAP,3.39458,-61.43295,106,4.22411012649536,449.79386833,2,0.83767491248702,0.080681875462098,0.081803939867601,0
CT-EEM-1-4,Maraca,ICMBio/CENAP,3.40724,-61.45869,124,14.1455001831055,293.83545402,5,1,0,0,0
CT-EEM-1-5,Maraca,ICMBio/CENAP,3.40697,-61.44622,109,4.56052017211914,389.318740013,5,1,0,0,0
CT-EEM-1-6,Maraca,ICMBio/CENAP,3.38344,-61.496368,128,8.51558971405029,905.614891486,0,1,0,0,0
CT-EEM-1-7,Maraca,ICMBio/CENAP,3396,-61.48427,125,11.4749002456665,20.0690093784,0,1,0,0,0
CT-EEM-1-8,Maraca,ICMBio/CENAP,3.39561,-61.471601,123,14.0677003860474,728.761576107,1,1,0,0,0
CT-EEM-1-9,Maraca,ICMBio/CENAP,3.39546,-61.458902,127,12.2846002578735,621.709094036,1,1,0,0,0
CT-EEM-2-22,Maraca,ICMBio/CENAP,3.40834,-61.646997,144,7.99011993408203,480.929492388,0,1,0,0,0
CT-EEM-2-23,Maraca,ICMBio/CENAP,3.40788,-61.634761,129,9.75028991699219,145.576118811,0,1,0,0,0
CT-EEM-2-24,Maraca,ICMBio/CENAP,3.40781,-61.622221,142,7.36318016052246,882.806725166,0,1,0,0,0
CT-EEM-2-25,Maraca,ICMBio/CENAP,3.40767,-61.610317,153,12.3056001663208,695.517477347,0,1,0,0,0
CT-EEM-2-26,Maraca,ICMBio/CENAP,3.40847,-61.598186,122,13.5271997451782,40.5683425059,0,1,0,0,0
CT-EEM-2-27,Maraca,ICMBio/CENAP,3.40767,-61.584496,122,3.02064990997314,547.418091589,0,1,0,0,0
CT-EEM-2-28,Maraca,ICMBio/CENAP,3.4201,-61.572035,114,14.7040004730225,48.8817153624,0,1,0,0,0
CT-EEM-2-29,Maraca,ICMBio/CENAP,3.42177,-61.559117,133,3.12417006492615,933.871837833,0,1,0,0,0
CT-EEM-2-29,Maraca,ICMBio/CENAP,3.42177,-61.55912,133,3.12417006492615,933.608946702,0,1,0,0,0
CT-EEM-2-30,Maraca,ICMBio/CENAP,3.42162,-61.5479,117,5.41962003707886,250.270150904,0,1,0,0,0
CT-EEM-2-32,Maraca,ICMBio/CENAP,3.39495,-61.64715,141,5.65742015838623,820.546149459,0,1,0,0,0
CT-EEM-2-33,Maraca,ICMBio/CENAP,3.39557,-61.63493,145,4.26665019989014,961.885094649,0,1,0,0,0
CT-EEM-2-34,Maraca,ICMBio/CENAP,3.39547,-61.62254,142,1.36633002758026,997.4239169,0,1,0,0,0
CT-EEM-2-35,Maraca,ICMBio/CENAP,3.39491,-61.60939,135,1.92748999595642,788.490656975,0,1,0,0,0
CT-EEM-2-36,Maraca,ICMBio/CENAP,3.39635,-61.59694,122,11.8559999465942,138.535577128,0,1,0,0,0
CT-EEM-2-37,Maraca,ICMBio/CENAP,3.39498,-61.58464,118,8.92146968841553,66.3908369437,0,1,0,0,0
CT-EEM-2-38,Maraca,ICMBio/CENAP,3.40841,-61.57198,128,4.21049022674561,498.84293918,0,1,0,0,0
CT-EEM-2-39,Maraca,ICMBio/CENAP,3.40819,-61.55894,123,6.60609006881714,201.200131106,0,1,0,0,0
CT-EEM-2-40,Maraca,ICMBio/CENAP,3.40757,-61.54673,129,6.49062013626099,576.139032326,0,1,0,0,0
CT-EEM-2-41,Maraca,ICMBio/CENAP,3.38281,-61.66021,188,17.8516998291016,681.714868591,0,0.976104275216484,0,0.024077834423631,0
CT-EEM-2-42,Maraca,ICMBio/CENAP,3.38364,-61.64749,153,5.59826993942261,699.380205813,0,1,0,0,0
CT-EEM-2-43,Maraca,ICMBio/CENAP,3.38348,-61.63489,146,6.60526990890503,98.4394793067,0,1,0,0,0
CT-EEM-2-44,Maraca,ICMBio/CENAP,3.38202,-61.62253,150,14.2975997924805,427.857333386,0,1,0,0,0
CT-EEM-2-45,Maraca,ICMBio/CENAP,3.38217,-61.60968,141,7.52375984191895,615.116382867,0,1,0,0,0
CT-EEM-2-46,Maraca,ICMBio/CENAP,3.38332,-61.59765,124,8.605299949646,303.241903619,0,1,0,0,0
CT-EEM-2-47,Maraca,ICMBio/CENAP,3.38294,-61.58459,127,2.31644010543823,36.2111366879,0,1,0,0,0
CT-EEM-2-48,Maraca,ICMBio/CENAP,3.39543,-61.57175,130,4.0704197883606,691.904973162,0,1,0,0,0
CT-EEM-2-49,Maraca,ICMBio/CENAP,3.39581,-61.55967,132,7.7804799079895,580.343536005,0,1,0,0,0
CT-EEM-2-50,Maraca,ICMBio/CENAP,3.39396,-61.54742,128,3.29040002822876,548.079193833,0,1,0,0,0
CT-EEM-2-51,Maraca,ICMBio/CENAP,3.37049,-61.65985,166,9.85204029083252,448.030857912,0,1,0,0,0
CT-EEM-2-52,Maraca,ICMBio/CENAP,3.37089,-61.64799,161,5.74349021911621,1.4239189005,0,1,0,0,0
CT-EEM-2-53,Maraca,ICMBio/CENAP,3.37008,-61.63455,146,8.41889953613281,160.102691305,0,1,0,0,0
CT-EEM-2-54,Maraca,ICMBio/CENAP,3.37075,-61.62261,144,2.76954007148743,384.312779608,0,1,0,0,0
CT-EEM-2-55,Maraca,ICMBio/CENAP,3.36967,-61.60954,147,6.41450977325439,403.667440989,0,1,0,0,0
CT-EEM-2-56,Maraca,ICMBio/CENAP,3.37075,-61.59775,128,7.96972990036011,263.11761128,0,1,0,0,0
CT-EEM-2-57,Maraca,ICMBio/CENAP,3.37054,-61.58456,127,6.95748996734619,407.050845418,0,1,0,0,0
CT-EEM-2-58,Maraca,ICMBio/CENAP,3.38281,-61.57257,123,5.30366992950439,107.772968715,0,1,0,0,0
CT-EEM-2-59,Maraca,ICMBio/CENAP,3.38327,-61.55915,123,3.38947010040283,353.998059739,0,1,0,0,0
CT-EEM-2-60,Maraca,ICMBio/CENAP,3.38286,-61.54723,103,10.0518999099731,134.809978896,0,0.821096591547189,0,0.178677208461578,0
CT-PNJU-1-1,Juruena,ICMBio/CENAP,-8.985255,-58577,213,2.24619007110596,266.103706521,1,1,0,0,0
CT-PNJU-1-10,Juruena,ICMBio/CENAP,-8.957117,-58.555058,200,3.81641006469727,332.866901825,1,1,0,0,0
CT-PNJU-1-11,Juruena,ICMBio/CENAP,-8.956553,-58.54239,199,3.54166007041931,253.556572374,0,1,0,0,0
CT-PNJU-1-12,Juruena,ICMBio/CENAP,-8.969222,-58.540769,212,8.12798976898193,509.793093647,1,1,0,0,0
CT-PNJU-1-13,Juruena,ICMBio/CENAP,-8.98171,-58.539438,206,5.74586009979248,394.123948945,1,1,0,0,0
CT-PNJU-1-14,Juruena,ICMBio/CENAP,-8.993922,-58.538301,238,4.67019987106323,1174.8890514,1,1,0,0,0
CT-PNJU-1-14 b,Juruena,ICMBio/CENAP,-8.993922,-58.538301,238,4.67019987106323,1174.8890514,1,1,0,0,0
CT-PNJU-1-15,Juruena,ICMBio/CENAP,-9.004737,-58.535709,202,4.67249011993408,35.3223536918,1,1,0,0,0
CT-PNJU-1-17,Juruena,ICMBio/CENAP,-8.992148,-58.524648,203,14.6265001296997,5.50639578198,1,1,0,0,0
CT-PNJU-1-18,Juruena,ICMBio/CENAP,-8.980918,-58.526093,209,9.28036022186279,79.1646338941,1,0.87468515783727,0,0,0.12523869515958
CT-PNJU-1-19,Juruena,ICMBio/CENAP,-8.966721,-58.527523,208,5.5318398475647,582.581611684,0,1,0,0,0
CT-PNJU-1-2,Juruena,ICMBio/CENAP,-8.997828,-58.575602,222,3.67171001434326,196.007734763,1,1,0,0,0
CT-PNJU-1-20,Juruena,ICMBio/CENAP,-8.954823,-58.529934,203,5.2906699180603,176.994607135,0,0.816688981172486,0,0,0.183097490880146
CT-PNJU-1-23,Juruena,ICMBio/CENAP,-8.953033,-58.51775,204,8.01074981689453,561.973122916,0,1,0,0,0
CT-PNJU-1-24,Juruena,ICMBio/CENAP,-8.967783,-58.512672,199,4.48328018188477,0,0,0.811070180529595,0,0,0.188958512921599
CT-PNJU-1-25,Juruena,ICMBio/CENAP,-8.978668,-58.514548,206,8.03695964813232,442.637315682,1,1,0,0,0
CT-PNJU-1-26,Juruena,ICMBio/CENAP,-8.990624,-58.513865,207,7.29192018508911,244.35129335,1,1,0,0,0
CT-PNJU-1-27,Juruena,ICMBio/CENAP,-8.976372,-58.500869,215,9.7154598236084,168.394665173,1,1,0,0,0
CT-PNJU-1-28,Juruena,ICMBio/CENAP,-8.96401,-58.503531,195,8.1219596862793,251.257649749,0,1,0,0,0
CT-PNJU-1-29,Juruena,ICMBio/CENAP,-8.952189,-58.499568,195,3.26526999473572,0,0,0.760838800099424,0,0,0.239421045390371
CT-PNJU-1-3,Juruena,ICMBio/CENAP,-8.99666,-58.563199,213,9.01753044128418,221.779490605,1,1,0,0,0
CT-PNJU-1-32,Juruena,ICMBio/CENAP,-8.949327,-58.492034,198,2.30961990356445,48.5130626894,0,0.819578930171965,0,0,0.180556525285044
CT-PNJU-1-33,Juruena,ICMBio/CENAP,-8.962098,-58.489952,214,6.27254009246826,218.580767265,0,1,0,0,0
CT-PNJU-1-34,Juruena,ICMBio/CENAP,-8.947786,-58.479181,203,6.67154979705811,0,0,0.823250811342175,0,0,0.176812542491247
CT-PNJU-1-35,Juruena,ICMBio/CENAP,-8.959521,-58.47909,200,5.77371978759766,241.763820765,0,1,0,0,0
CT-PNJU-1-36,Juruena,ICMBio/CENAP,-8.942935,-58.545807,201,7.9990701675415,42.4592291805,0,0.703583173136842,0,0,0.296303155015263
CT-PNJU-1-4,Juruena,ICMBio/CENAP,-8.983505,-58.56412,211,4.71559000015259,614.251683896,1,1,0,0,0
CT-PNJU-1-5,Juruena,ICMBio/CENAP,-8.971018,-58.565261,192,10.0319004058838,0,1,0.584228388043022,0,0,0.415780244281217
CT-PNJU-1-6,Juruena,ICMBio/CENAP,-8.968895,-58.55264,234,23.4759006500244,713.400725331,1,1,0,0,0
CT-PNJU-1-7,Juruena,ICMBio/CENAP,-8.98285,-58.551638,215,13.5389003753662,440.000514522,1,1,0,0,0
CT-PNJU-1-8,Juruena,ICMBio/CENAP,-8.995275,-58.54914,215,6.68259000778198,138.844714269,1,1,0,0,0
CT-PNJU-2-1,Juruena,ICMBio/CENAP,-8.966702,-58.595431,252,31.4148006439209,695.043141889,1,1,0,0,0
CT-PNJU-2-10,Juruena,ICMBio/CENAP,-8.964244,-58.633926,211,14.3910999298096,10.5021671571,1,1,0,0,0
CT-PNJU-2-11,Juruena,ICMBio/CENAP,-8.990651,-58.603907,198,6.0363302230835,215.712831375,1,1,0,0,0
CT-PNJU-2-12,Juruena,ICMBio/CENAP,-8.98567,-58.614706,200,4.34964990615845,273.229690418,1,1,0,0,0
CT-PNJU-2-13,Juruena,ICMBio/CENAP,-8.98083,-58.626481,214,5.20699977874756,304.909121057,1,1,0,0,0
CT-PNJU-2-14,Juruena,ICMBio/CENAP,-8.975868,-58.639595,215,5.25407981872559,560.005462068,1,1,0,0,0
CT-PNJU-2-15,Juruena,ICMBio/CENAP,-9.002411,-58.608311,201,9.4848804473877,128.516409103,1,0.581734709698545,0,0,0.418173573548337
CT-PNJU-2-16,Juruena,ICMBio/CENAP,-8.997627,-58.620269,206,4.66808986663818,790.058849859,1,1,0,0,0
CT-PNJU-2-17,Juruena,ICMBio/CENAP,-8.992364,-58.63187,198,3.3470299243927,121.314830426,1,1,0,0,0
CT-PNJU-2-18,Juruena,ICMBio/CENAP,-9.013813,-58.613292,202,4.40353012084961,490.484560537,1,1,0,0,0
CT-PNJU-2-19,Juruena,ICMBio/CENAP,-9.009979,-58.625051,210,5.84603023529053,61.7435593935,1,1,0,0,0
CT-PNJU-2-2,Juruena,ICMBio/CENAP,-8.963207,-58.606457,204,2.30093002319336,64.2286880518,1,1,0,0,0
CT-PNJU-2-20,Juruena,ICMBio/CENAP,-9.005262,-58.637262,260,9.8255500793457,671.425490962,1,1,0,0,0
CT-PNJU-2-21,Juruena,ICMBio/CENAP,-9.000608,-58.649429,227,10.41100025177,370.9255635,1,1,0,0,0
CT-PNJU-2-22,Juruena,ICMBio/CENAP,-9.024239,-58.616731,201,6.43724012374878,456.428234572,1,1,0,0,0
CT-PNJU-2-23,Juruena,ICMBio/CENAP,-9.018891,-58.629647,233,19.6361999511719,258.67584779,1,1,0,0,0
CT-PNJU-2-24,Juruena,ICMBio/CENAP,-9.015371,-58.641988,223,5.99144983291626,166.665569121,1,1,0,0,0
CT-PNJU-2-25,Juruena,ICMBio/CENAP,-9.012296,-58.654084,230,7.41202020645142,396.004113789,1,1,0,0,0
CT-PNJU-2-26,Juruena,ICMBio/CENAP,-9.037012,-58.622762,221,5.58492994308472,697.516286724,1,1,0,0,0
CT-PNJU-2-27,Juruena,ICMBio/CENAP,-9.032933,-58.634208,236,2.54324007034302,557.723103357,1,1,0,0,0
CT-PNJU-2-28,Juruena,ICMBio/CENAP,-9.028299,-58.646192,225,4.83068990707397,320.249042893,1,1,0,0,0
CT-PNJU-2-29,Juruena,ICMBio/CENAP,-9.023206,-58.658936,232,7.06465005874634,273.702703638,1,1,0,0,0
CT-PNJU-2-3,Juruena,ICMBio/CENAP,-8.957885,-58.617154,220,8.95232963562012,66.0936029858,1,1,0,0,0
CT-PNJU-2-33,Juruena,ICMBio/CENAP,-9.039789,-58.610352,199,4.32539987564087,0,1,0.59188725872374,0,0,0.408052381974265
CT-PNJU-2-34,Juruena,ICMBio/CENAP,-9.058171,-58.602695,195,7.76558017730713,269.238499532,1,0.881158190739969,0,0,0.119053189867118
CT-PNJU-2-35,Juruena,ICMBio/CENAP,-9.0698,-58.607682,198,3.6900200843811,796.143640049,1,1,0,0,0
CT-PNJU-2-36,Juruena,ICMBio/CENAP,-9.081751,-58.612963,198,6.82319021224976,370.840101139,1,1,0,0,0
CT-PNJU-2-37,Juruena,ICMBio/CENAP,-8.99666,-58.563199,213,9.01753044128418,221.779490605,1,1,0,0,0
CT-PNJU-2-4,Juruena,ICMBio/CENAP,-8.95311,-58.62934,233,8.60799980163574,20.115236359,1,1,0,0,0
CT-PNJU-2-6,Juruena,ICMBio/CENAP,-8.98486,-58.588636,193,3.97830009460449,82.6839118645,1,0.53815123267562,0,0,0.461639385923554
CT-PNJU-2-7,Juruena,ICMBio/CENAP,-8.981058,-58.600108,202,2.06625008583069,900.734771727,1,1,0,0,0
CT-PNJU-2-8,Juruena,ICMBio/CENAP,-8.974337,-58.611366,204,5.0781397819519,513.751657233,1,1,0,0,0
CT-PNJU-2-9,Juruena,ICMBio/CENAP,-8.970717,-58.62355,215,2.31025004386902,762.063336809,1,1,0,0,0
CT-1003,Jamari,ICMBio/CENAP,-9.141904,-63.017991,114,5.11868000030518,1385.1691097,1,1,0,0,0
CT-1004,Jamari,ICMBio/CENAP,-9.141905,-63.005122,116,1.42858004570007,637.592095468,1,1,0,0,0
CT-1005,Jamari,ICMBio/CENAP,-9.141905,-62.992252,113,3.67441010475159,463.139454935,1,1,0,0,0
CT-1006,Jamari,ICMBio/CENAP,-9.141904,-62.979382,112,4.27289009094238,329.401288322,1,1,0,0,0
CT-1118,Jamari,ICMBio/CENAP,-9.103536,-63.005121,110,1.89201998710632,1775.58291256,1,1,0,0,0
CT-1119,Jamari,ICMBio/CENAP,-9.103536,-62.992253,114,0.95617800951004,1950.15159707,1,1,0,0,0
CT-1155,Jamari,ICMBio/CENAP,-9.090746,-63.017989,112,3.04092001914978,1902.07728607,1,1,0,0,0
CT-1156,Jamari,ICMBio/CENAP,-9.090746,-63.005121,109,5.0382399559021,1159.47877654,1,1,0,0,0
CT-1157,Jamari,ICMBio/CENAP,-9.090746,-62.992253,112,2.9195499420166,1483.70925372,1,1,0,0,0
CT-1193,Jamari,ICMBio/CENAP,-9.077956,-63.017988,110,3.13580989837646,1532.94336074,1,1,0,0,0
CT-1194,Jamari,ICMBio/CENAP,-9.077956,-63.005121,112,2.77041006088257,276.247921302,1,1,0,0,0
CT-1195,Jamari,ICMBio/CENAP,-9.077956,-62.992253,110,5.46885013580322,256.062977939,1,1,0,0,0
CT-143,Jamari,ICMBio/CENAP,-9.436027,-62.837681,138,7.3742299079895,188.504192047,1,1,0,0,0
CT-144,Jamari,ICMBio/CENAP,-9.436021,-62.8248,136,2.43177008628845,152.479637042,1,1,0,0,0
CT-145,Jamari,ICMBio/CENAP,-9.436014,-62.81192,137,4.95791006088257,346.494949537,1,1,0,0,0
CT-146,Jamari,ICMBio/CENAP,-9.436007,-62.79904,127,4.64123010635376,177.249449927,1,1,0,0,0
CT-168,Jamari,ICMBio/CENAP,-9.423275,-63.005126,135,3.08720993995666,414.951951351,1,1,0,0,0
CT-173,Jamari,ICMBio/CENAP,-9.42327,-62.940726,143,1.73338997364044,663.846284986,1,1,0,0,0
CT-181,Jamari,ICMBio/CENAP,-9.423238,-62.837687,146,3.94685006141663,557.65976989,1,1,0,0,0
CT-182,Jamari,ICMBio/CENAP,-9.423231,-62.824807,133,6.12405014038086,408.697106343,1,1,0,0,0
CT-183,Jamari,ICMBio/CENAP,-9.423225,-62.811927,134,1.48321998119354,553.909587545,1,1,0,0,0
CT-206,Jamari,ICMBio/CENAP,-9.410486,-63.005125,133,3.73642992973328,453.324910953,1,1,0,0,0
CT-207,Jamari,ICMBio/CENAP,-9.410485,-62.992246,123,3.61021995544434,148.872236932,1,1,0,0,0
CT-208,Jamari,ICMBio/CENAP,-9.410485,-62.979367,135,3.03821992874145,489.848174574,1,1,0,0,0
CT-210,Jamari,ICMBio/CENAP,-9.410483,-62.953608,139,5.38718986511231,174.057645665,1,1,0,0,0
CT-211,Jamari,ICMBio/CENAP,-9.410481,-62.940728,159,5.3257098197937,682.67554559,1,1,0,0,0
CT-213,Jamari,ICMBio/CENAP,-9.410475,-62.914969,147,4.05392980575562,220.881934819,1,1,0,0,0
CT-219,Jamari,ICMBio/CENAP,-9.410448,-62.837693,127,5.22068977355957,204.383515185,1,1,0,0,0
CT-220,Jamari,ICMBio/CENAP,-9.410442,-62.824813,131,5.71335983276367,484.614296205,1,1,0,0,0
CT-221,Jamari,ICMBio/CENAP,-9.410435,-62.811934,121,3.68143010139465,405.296183548,1,1,0,0,0
CT-240,Jamari,ICMBio/CENAP,-9.397692,-63.056641,166,4.05455017089844,745.073820366,1,0.899280566524487,0,0.100924191898368,0
CT-246,Jamari,ICMBio/CENAP,-9.397695,-62.979367,141,2.34690999984741,535.564655675,1,1,0,0,0
CT-247,Jamari,ICMBio/CENAP,-9.397695,-62.966488,130,2.49833989143372,59.8127317512,1,1,0,0,0
CT-248,Jamari,ICMBio/CENAP,-9.397693,-62.953609,143,3.64147996902466,262.012690448,1,1,0,0,0
CT-249,Jamari,ICMBio/CENAP,-9.397691,-62.94073,148,7.58282995223999,610.903681628,1,1,0,0,0
CT-251,Jamari,ICMBio/CENAP,-9.397686,-62.914972,162,1.68607997894287,532.268563524,1,1,0,0,0
CT-252,Jamari,ICMBio/CENAP,-9.397683,-62.902093,163,9.53299999237061,759.4492926,1,1,0,0,0
CT-257,Jamari,ICMBio/CENAP,-9.397659,-62.837699,129,3.57870006561279,157.442422352,1,1,0,0,0
CT-258,Jamari,ICMBio/CENAP,-9.397653,-62.82482,126,3.43688988685608,339.07750387,1,1,0,0,0
CT-259,Jamari,ICMBio/CENAP,-9.397646,-62.811941,113,7.35129022598267,229.238747217,1,1,0,0,0
CT-280,Jamari,ICMBio/CENAP,-9.384905,-63.030882,147,6.25967979431152,1665.97285819,1,1,0,0,0
CT-281,Jamari,ICMBio/CENAP,-9.384906,-63.018004,144,6.2614598274231,1235.93567585,1,1,0,0,0
CT-284,Jamari,ICMBio/CENAP,-9.384906,-62.979368,146,3.16916990280151,813.860613429,1,1,0,0,0
CT-285,Jamari,ICMBio/CENAP,-9.384905,-62.96649,161,6.92648983001709,607.670120765,1,1,0,0,0
CT-286,Jamari,ICMBio/CENAP,-9.384904,-62.953611,140,2.92715001106262,53.2498302549,1,1,0,0,0
CT-287,Jamari,ICMBio/CENAP,-9.384902,-62.940733,163,8.76441955566406,279.17840565,1,1,0,0,0
CT-288,Jamari,ICMBio/CENAP,-9.384899,-62.927854,174,5.08907985687256,1095.73942686,1,1,0,0,0
CT-289,Jamari,ICMBio/CENAP,-9.384896,-62.914976,163,6.54933023452759,481.758007257,1,1,0,0,0
CT-290,Jamari,ICMBio/CENAP,-9.384893,-62.902097,149,10.8341999053955,670.054625946,1,1,0,0,0
CT-291,Jamari,ICMBio/CENAP,-9.384889,-62.889219,140,3.43624997138977,1064.89527328,1,1,0,0,0
CT-295,Jamari,ICMBio/CENAP,-9.384869,-62.837705,132,3.69508004188538,1424.43024209,1,1,0,0,0
CT-296,Jamari,ICMBio/CENAP,-9.384863,-62.824826,123,1.31552004814148,497.414110997,1,1,0,0,0
CT-316,Jamari,ICMBio/CENAP,-9.372113,-63.056637,138,2.00338006019592,1199.87712795,1,1,0,0,0
CT-317,Jamari,ICMBio/CENAP,-9.372114,-63.043759,122,3.30883002281189,710.123906141,1,1,0,0,0
CT-318,Jamari,ICMBio/CENAP,-9.372116,-63.030881,124,5.2418999671936,252.136215516,1,1,0,0,0
CT-319,Jamari,ICMBio/CENAP,-9.372117,-63.018003,139,7.65142011642456,722.588641917,1,1,0,0,0
CT-322,Jamari,ICMBio/CENAP,-9.372117,-62.979369,154,4.40805006027222,618.946911952,1,1,0,0,0
CT-323,Jamari,ICMBio/CENAP,-9.372116,-62.966491,138,4.10258007049561,178.068291602,1,1,0,0,0
CT-324,Jamari,ICMBio/CENAP,-9.372114,-62.953613,146,1.96721005439758,632.79514738,1,1,0,0,0
CT-325,Jamari,ICMBio/CENAP,-9.372112,-62.940735,151,7.69117021560669,359.582077844,1,0.962839752847404,0,0.03700948536387,0
CT-326,Jamari,ICMBio/CENAP,-9.37211,-62.927857,160,1.70062005519867,502.550741586,1,1,0,0,0
CT-327,Jamari,ICMBio/CENAP,-9.372107,-62.914979,150,3.75607991218567,164.760449902,1,1,0,0,0
CT-328,Jamari,ICMBio/CENAP,-9.372104,-62.902101,171,13.6979999542236,617.182388468,1,1,0,0,0
CT-329,Jamari,ICMBio/CENAP,-9.3721,-62.889223,156,6.82153987884522,795.928093837,1,0.997144143257261,0.002665268358807,0,0
CT-355,Jamari,ICMBio/CENAP,-9.359325,-63.043757,149,11.1072998046875,674.814808826,1,1,0,0,0
CT-356,Jamari,ICMBio/CENAP,-9.359326,-63.03088,129,7.05999994277954,1035.17367319,1,1,0,0,0
CT-357,Jamari,ICMBio/CENAP,-9.359327,-63.018002,146,3.85187005996704,418.944771532,1,1,0,0,0
CT-358,Jamari,ICMBio/CENAP,-9.359328,-63.005125,141,5.15332984924316,914.284146055,1,1,0,0,0
CT-359,Jamari,ICMBio/CENAP,-9.359328,-62.992247,143,2.28334999084473,766.308866082,1,1,0,0,0
CT-360,Jamari,ICMBio/CENAP,-9.359327,-62.97937,127,3.31534004211426,28.8928846005,1,1,0,0,0
CT-361,Jamari,ICMBio/CENAP,-9.359326,-62.966492,133,1.72901999950409,324.889470438,1,1,0,0,0
CT-362,Jamari,ICMBio/CENAP,-9.359325,-62.953614,146,4.79588985443115,325.815701961,1,1,0,0,0
CT-363,Jamari,ICMBio/CENAP,-9.359323,-62.940737,150,2.32193994522095,538.194671191,1,1,0,0,0
CT-364,Jamari,ICMBio/CENAP,-9.35932,-62.927859,154,6.35352993011475,477.806721639,1,1,0,0,0
CT-366,Jamari,ICMBio/CENAP,-9.359314,-62.902104,173,13.3618001937866,350.848303537,1,1,0,0,0
CT-393,Jamari,ICMBio/CENAP,-9.346535,-63.043756,126,2.42846989631653,578.333441119,1,1,0,0,0
CT-394,Jamari,ICMBio/CENAP,-9.346537,-63.030879,128,5.72197008132935,1621.79984937,1,1,0,0,0
CT-396,Jamari,ICMBio/CENAP,-9.346538,-63.005124,143,1.59996998310089,649.013539394,1,1,0,0,0
CT-397,Jamari,ICMBio/CENAP,-9.346538,-62.992247,135,4.31971979141235,666.799957437,1,1,0,0,0
CT-398,Jamari,ICMBio/CENAP,-9.346538,-62.97937,137,3.76749992370605,656.130342838,1,1,0,0,0
CT-399,Jamari,ICMBio/CENAP,-9.346537,-62.966493,143,5.47802019119263,510.262056012,1,1,0,0,0
CT-400,Jamari,ICMBio/CENAP,-9.346535,-62.953616,138,5.64930009841919,122.197749261,1,1,0,0,0
CT-401,Jamari,ICMBio/CENAP,-9.346533,-62.940739,133,6.30170011520386,119.051372648,1,1,0,0,0
CT-402,Jamari,ICMBio/CENAP,-9.346531,-62.927862,149,4.04708003997803,783.691204457,1,1,0,0,0
CT-432,Jamari,ICMBio/CENAP,-9.333747,-63.030878,139,3.10016989707947,589.855634831,1,1,0,0,0
CT-434,Jamari,ICMBio/CENAP,-9.333749,-63.005124,128,7.21180009841919,183.631397946,1,1,0,0,0
CT-435,Jamari,ICMBio/CENAP,-9.333749,-62.992248,131,3.77012991905212,629.896554885,1,1,0,0,0
CT-436,Jamari,ICMBio/CENAP,-9.333748,-62.979371,133,3.26945996284485,721.358655879,1,1,0,0,0
CT-437,Jamari,ICMBio/CENAP,-9.333747,-62.966494,142,10.7187995910645,206.658103253,1,1,0,0,0
CT-438,Jamari,ICMBio/CENAP,-9.333746,-62.953618,136,2.58004999160767,380.054185178,1,1,0,0,0
CT-439,Jamari,ICMBio/CENAP,-9.333744,-62.940741,139,3.48288011550903,646.597212587,1,1,0,0,0
CT-440,Jamari,ICMBio/CENAP,-9.333741,-62.927865,149,1.1692099571228,309.372353705,1,1,0,0,0
CT-445,Jamari,ICMBio/CENAP,-9.333722,-62.863482,132,2.37572002410889,110.953189249,1,1,0,0,0
CT-446,Jamari,ICMBio/CENAP,-9.333717,-62.850605,129,4.52683019638062,359.958297772,1,1,0,0,0
CT-447,Jamari,ICMBio/CENAP,-9.333712,-62.837728,132,8.56672954559326,442.546374389,1,1,0,0,0
CT-470,Jamari,ICMBio/CENAP,-9.320958,-63.030876,123,5.51974010467529,786.867730065,1,1,0,0,0
CT-471,Jamari,ICMBio/CENAP,-9.320959,-63018,132,5.19457006454468,487.077457763,1,1,0,0,0
CT-472,Jamari,ICMBio/CENAP,-9.320959,-63.005124,129,4.51964998245239,606.835000129,1,1,0,0,0
CT-473,Jamari,ICMBio/CENAP,-9.320959,-62.992248,136,2.47659993171692,423.881266692,1,1,0,0,0
CT-474,Jamari,ICMBio/CENAP,-9.320958,-62.979372,141,2.64990997314453,1261.04915171,1,1,0,0,0
CT-475,Jamari,ICMBio/CENAP,-9.320957,-62.966496,133,6.39856004714966,730.34856378,1,1,0,0,0
CT-476,Jamari,ICMBio/CENAP,-9.320956,-62.953619,130,1.75849997997284,474.321150462,1,1,0,0,0
CT-477,Jamari,ICMBio/CENAP,-9.320954,-62.940743,143,5.45380020141602,676.671546695,1,1,0,0,0
CT-478,Jamari,ICMBio/CENAP,-9.320952,-62.927867,144,3.77853989601135,718.663529161,1,1,0,0,0
CT-479,Jamari,ICMBio/CENAP,-9.320949,-62.914991,143,9.37242031097412,291.041000859,1,1,0,0,0
CT-483,Jamari,ICMBio/CENAP,-9.320933,-62.863487,129,7.8378701210022,1253.89131646,1,1,0,0,0
CT-484,Jamari,ICMBio/CENAP,-9.320928,-62.85061,118,3.0532500743866,331.251213532,1,1,0,0,0
CT-485,Jamari,ICMBio/CENAP,-9.320922,-62.837734,128,4.56669998168945,627.851702417,1,1,0,0,0
CT-486,Jamari,ICMBio/CENAP,-9.320916,-62.824858,123,3.29328989982605,542.534960503,1,1,0,0,0
CT-509,Jamari,ICMBio/CENAP,-9.308169,-63018,129,4.41005992889404,437.808996155,1,1,0,0,0
CT-510,Jamari,ICMBio/CENAP,-9.308169,-63.005124,117,6.08853006362915,141.446813625,1,1,0,0,0
CT-511,Jamari,ICMBio/CENAP,-9.308169,-62.992248,141,3.25804996490479,1131.59507118,1,1,0,0,0
CT-512,Jamari,ICMBio/CENAP,-9.308169,-62.979373,124,8.17411994934082,598.393992626,1,1,0,0,0
CT-513,Jamari,ICMBio/CENAP,-9.308168,-62.966497,125,1.58073997497559,555.359319791,1,1,0,0,0
CT-514,Jamari,ICMBio/CENAP,-9.308167,-62.953621,134,2.81852006912231,945.875329151,1,1,0,0,0
CT-515,Jamari,ICMBio/CENAP,-9.308165,-62.940745,123,3.57831001281738,55.7066118995,1,1,0,0,0
CT-516,Jamari,ICMBio/CENAP,-9.308162,-62.92787,131,3.83745002746582,246.082908605,1,1,0,0,0
CT-521,Jamari,ICMBio/CENAP,-9.308143,-62.863491,137,7.24980020523071,134.921363324,1,1,0,0,0
CT-522,Jamari,ICMBio/CENAP,-9.308138,-62.850616,125,9.75489044189453,19.3354753214,1,1,0,0,0
CT-523,Jamari,ICMBio/CENAP,-9.308133,-62.83774,116,4.62783002853394,204.455339881,1,1,0,0,0
CT-524,Jamari,ICMBio/CENAP,-9.308127,-62.824865,119,4.93492984771729,1102.12850216,1,1,0,0,0
CT-549,Jamari,ICMBio/CENAP,-9.29538,-62.992249,122,6.04219007492065,705.008754243,1,1,0,0,0
CT-550,Jamari,ICMBio/CENAP,-9.295379,-62.979373,129,4.42534017562866,691.913336521,1,1,0,0,0
CT-551,Jamari,ICMBio/CENAP,-9.295378,-62.966498,124,3.54788994789124,705.958752129,1,1,0,0,0
CT-552,Jamari,ICMBio/CENAP,-9.295377,-62.953623,116,10.3126001358032,40.335414277,1,1,0,0,0
CT-555,Jamari,ICMBio/CENAP,-9.29537,-62.914997,132,3.09611010551453,711.694372141,1,1,0,0,0
CT-556,Jamari,ICMBio/CENAP,-9.295367,-62.902122,118,5.1160101890564,126.509027292,1,1,0,0,0
CT-560,Jamari,ICMBio/CENAP,-9.295349,-62.850621,130,7.41388988494873,17.8451314261,1,1,0,0,0
CT-561,Jamari,ICMBio/CENAP,-9.295343,-62.837746,118,4.53448009490967,598.045472229,1,1,0,0,0
CT-562,Jamari,ICMBio/CENAP,-9.295337,-62.824871,112,5.35778999328613,100.842180608,1,1,0,0,0
CT-591,Jamari,ICMBio/CENAP,-9.282586,-62.94075,115,2.71287989616394,1897.30207915,1,1,0,0,0
CT-592,Jamari,ICMBio/CENAP,-9.282583,-62.927875,117,3.8206799030304,694.316693328,1,1,0,0,0
CT-593,Jamari,ICMBio/CENAP,-9.28258,-62915,129,3.18488001823425,426.631893282,1,1,0,0,0
CT-594,Jamari,ICMBio/CENAP,-9.282577,-62.902126,140,4.46192979812622,601.115220168,1,0.998431442595101,0.001504897910271,0,0
CT-595,Jamari,ICMBio/CENAP,-9.282573,-62.889251,133,3.58963990211487,1396.41616911,1,1,0,0,0
CT-599,Jamari,ICMBio/CENAP,-9.282554,-62.837752,114,3.8104100227356,138.895477066,1,1,0,0,0
CT-629,Jamari,ICMBio/CENAP,-9.269796,-62.940752,120,4.92775011062622,1664.72938095,1,1,0,0,0
CT-630,Jamari,ICMBio/CENAP,-9.269794,-62.927878,119,2.05966997146606,310.708098976,1,1,0,0,0
CT-631,Jamari,ICMBio/CENAP,-9.269791,-62.915003,125,4.23116016387939,918.294917842,1,1,0,0,0
CT-632,Jamari,ICMBio/CENAP,-9.269787,-62.902129,149,6.74266004562378,756.394360689,1,1,0,0,0
CT-633,Jamari,ICMBio/CENAP,-9.269784,-62.889255,141,3.8764500617981,1557.95062986,1,1,0,0,0
CT-667,Jamari,ICMBio/CENAP,-9.257006,-62.940754,115,2.17910003662109,1352.53545946,1,1,0,0,0
CT-668,Jamari,ICMBio/CENAP,-9.257004,-62.92788,114,4.86264991760254,507.305565879,1,1,0,0,0
CT-669,Jamari,ICMBio/CENAP,-9.257001,-62.915006,117,4.12262010574341,742.192653329,1,1,0,0,0
CT-670,Jamari,ICMBio/CENAP,-9.256998,-62.902133,122,2.97516989707947,2132.22504799,1,1,0,0,0
CT-671,Jamari,ICMBio/CENAP,-9.256994,-62.889259,138,4.08711004257202,1930.56820795,1,1,0,0,0
CT-705,Jamari,ICMBio/CENAP,-9.244217,-62.940756,112,3.73008990287781,446.223227452,1,1,0,0,0
CT-706,Jamari,ICMBio/CENAP,-9.244214,-62.927883,111,5.2518801689148,443.95830258,1,1,0,0,0
CT-707,Jamari,ICMBio/CENAP,-9.244212,-62.91501,110,3.37175989151001,845.089570969,1,1,0,0,0
CT-708,Jamari,ICMBio/CENAP,-9.244208,-62.902136,112,2.82564997673035,850.05858376,1,1,0,0,0
CT-709,Jamari,ICMBio/CENAP,-9.244205,-62.889263,110,4.69965982437134,558.244193839,1,1,0,0,0
CT-743,Jamari,ICMBio/CENAP,-9.231427,-62.940758,115,2.64551997184753,389.156997186,1,1,0,0,0
CT-744,Jamari,ICMBio/CENAP,-9.231425,-62.927885,116,6.14334011077881,239.047111182,1,1,0,0,0
CT-745,Jamari,ICMBio/CENAP,-9.231422,-62.915013,113,2.47249007225037,1100.47200673,1,1,0,0,0
CT-746,Jamari,ICMBio/CENAP,-9.231419,-62.90214,110,4.8060998916626,137.412689981,1,1,0,0,0
CT-747,Jamari,ICMBio/CENAP,-9.231415,-62.889267,122,3.39753007888794,832.431812198,1,1,0,0,0
CT-776,Jamari,ICMBio/CENAP,-9.218642,-63.005123,114,5.26905012130737,851.79952575,1,1,0,0,0
CT-781,Jamari,ICMBio/CENAP,-9.218638,-62.94076,110,6.72502994537354,1477.60555222,1,1,0,0,0
CT-783,Jamari,ICMBio/CENAP,-9.218632,-62.915016,112,3.12862992286682,153.552677233,1,1,0,0,0
CT-784,Jamari,ICMBio/CENAP,-9.218629,-62.902143,114,2.30671000480652,641.998451324,1,1,0,0,0
CT-813,Jamari,ICMBio/CENAP,-9.205852,-63.017994,112,2.0141499042511,907.7857501,1,1,0,0,0
CT-814,Jamari,ICMBio/CENAP,-9.205853,-63.005122,117,2.70270991325378,750.576517956,1,1,0,0,0
CT-851,Jamari,ICMBio/CENAP,-9.193063,-63.017994,118,7.09767007827759,481.99994268,1,1,0,0,0
CT-852,Jamari,ICMBio/CENAP,-9.193063,-63.005122,110,5.00098991394043,4.47920933572,1,1,0,0,0
CT-889,Jamari,ICMBio/CENAP,-9.180273,-63.017993,119,4.14749002456665,775.114492574,1,1,0,0,0
CT-890,Jamari,ICMBio/CENAP,-9.180274,-63.005122,120,5.80462980270386,729.476142852,1,1,0,0,0
CT-927,Jamari,ICMBio/CENAP,-9.167484,-63.017992,110,6.79371976852417,839.819960854,1,1,0,0,0
CT-928,Jamari,ICMBio/CENAP,-9.167484,-63.005122,130,1.08118999004364,469.682653265,1,1,0,0,0
CT-929,Jamari,ICMBio/CENAP,-9.167484,-62.992251,115,6.75613021850586,655.271358098,1,1,0,0,0
CT-930,Jamari,ICMBio/CENAP,-9.167483,-62.979381,109,22.00950050354,131.892634602,1,1,0,0,0
CT-931,Jamari,ICMBio/CENAP,-9.167482,-62.96651,113,2.62252998352051,67.3995254358,1,1,0,0,0
CT-965,Jamari,ICMBio/CENAP,-9.154694,-63.017992,112,2.01583003997803,645.742177236,1,1,0,0,0
CT-966,Jamari,ICMBio/CENAP,-9.154694,-63.005122,116,2.23594999313354,559.407364953,1,1,0,0,0
CT-967,Jamari,ICMBio/CENAP,-9.154694,-62.992252,119,2.9718599319458,856.584664298,1,1,0,0,0
CT-968,Jamari,ICMBio/CENAP,-9.154694,-62.979381,113,2.90019989013672,1191.07431666,1,1,0,0,0
CT-969,Jamari,ICMBio/CENAP,-9.154693,-62.966511,109,6.31971979141235,267.110840998,1,1,0,0,0
MTRR-00,Uei-Tepui,ICMBio/CENAP,5.122004,-60.598291,1011,10.3928003311157,537.658757829,2,1,0,0,0
MTRR-01,Uei-Tepui,ICMBio/CENAP,5.118312,-60.596149,1024,8.08572006225586,100.422058429,8,1,0,0,0
MTRR-02,Uei-Tepui,ICMBio/CENAP,5.114355,-60.594109,1047,17.0874996185303,161.049664112,8,1,0,0,0
MTRR-03,Uei-Tepui,ICMBio/CENAP,5.105556,-60.596584,1150,22.9831008911133,286.144004008,4,1,0,0,0
MTRR-04,Uei-Tepui,ICMBio/CENAP,5.097491,-60.60129,1252,25.5443000793457,163.847625227,4,1,0,0,0
MTRR-05,Uei-Tepui,ICMBio/CENAP,5.089296,-60605,1373,32.913501739502,291.072615055,1,1,0,0,0
MTRR-06,Uei-Tepui,ICMBio/CENAP,5.081042,-60.608719,1463,5.63322019577026,338.319131302,1,1,0,0,0
MTRR-07,Uei-Tepui,ICMBio/CENAP,5.074863,-60.611446,1497,7.63129997253418,420.334699281,1,0.916352131105318,0,0.083647775508342,0
MTRR-08,Uei-Tepui,ICMBio/CENAP,5.06851,-60.61067,1505,8.00724983215332,431.301398095,0,1,0,0,0
MTRR-09,Uei-Tepui,ICMBio/CENAP,5.061641,-60.608322,1545,16.6756000518799,3.89498998949,0,1,0,0,0
MTRR-10,Uei-Tepui,ICMBio/CENAP,5.054239,-60.609469,1567,3.79223990440369,492.758298051,0,1,0,0,0
MTRR-11,Uei-Tepui,ICMBio/CENAP,5.11925,-60.603512,1009,6.56719017028809,738.455781171,8,1,0,0,0
MTRR-12,Uei-Tepui,ICMBio/CENAP,5.113089,-60.610053,1012,2.99568009376526,317.588269785,8,0.934351332638889,0,0.06545967228312,0
MTRR-13,Uei-Tepui,ICMBio/CENAP,5.107065,-60.617111,1023,3.12040996551514,542.628823537,4,1,0,0,0
MTRR-14,Uei-Tepui,ICMBio/CENAP,5.102168,-60.625024,1035,3.11987996101379,344.608021012,8,1,0,0,0
MTRR-15,Uei-Tepui,ICMBio/CENAP,5.10029,-60.633487,1106,21.359899520874,426.83569872,8,1,0,0,0
MTRR-16,Uei-Tepui,ICMBio/CENAP,5.103754,-60.642066,1381,33.698600769043,466.621336416,8,1,0,0,0
MTRR-17,Uei-Tepui,ICMBio/CENAP,5.122716,-60.587683,1026,25.7289009094238,259.002841787,4,0.297381328349442,0.67693214039299,0.025762574609825,0
MTRR-18,Uei-Tepui,ICMBio/CENAP,5.115231,-60.582535,1123,16.6959991455078,199.95809885,8,1,0,0,0
MTRR-19,Uei-Tepui,ICMBio/CENAP,5.10687,-60.585891,1145,8.08677005767822,176.259538509,4,1,0,0,0
MTRR-20,Uei-Tepui,ICMBio/CENAP,5.04919,-60.612717,1771,62.0726013183594,737.950584626,0,0.946773229895068,0.019205927161175,0.034130073241028,0
MTRR-21,Uei-Tepui,ICMBio/CENAP,5.043025,-60.612634,2044,49.6305999755859,1131.99378912,0,0.002115058768128,0.996562246095926,0.001203338379608,0
MTRR-22,Uei-Tepui,ICMBio/CENAP,5.046289,-60.614082,1825,14.6639995574951,1009.33683842,0,0.487065764891892,0.270980288960499,0.241921019003638,0
CT-SBR-1-01,Sao-Benedito-River,ICMBio/CENAP,-9.101616,-56.631439,243,2.09488010406494,857.127260271,0,1,0,0,0
CT-SBR-1-02,Sao-Benedito-River,ICMBio/CENAP,-9.089725,-56.618641,224,13.7803001403809,290.756412959,0,0.629960613756531,0,0.370039335066876,0
CT-SBR-1-04,Sao-Benedito-River,ICMBio/CENAP,-9.088802,-56.606449,216,6.81058979034424,602.632729111,0,1,0,0,0
CT-SBR-1-05,Sao-Benedito-River,ICMBio/CENAP,-9.076646,-56.619774,228,5.21345996856689,355.41310153,0,1,0,0,0
CT-SBR-1-06,Sao-Benedito-River,ICMBio/CENAP,-9.076644,-56.607481,229,7.5957498550415,59.1081140674,0,0.92053201846236,0,0.079617934741057,0
CT-SBR-1-07,Sao-Benedito-River,ICMBio/CENAP,-9.062968,-56.594179,201,4.87518978118897,1444.32895758,0,0.885239090114167,0,0.114859058531396,0
CT-SBR-1-08,Sao-Benedito-River,ICMBio/CENAP,-9.064327,-56.606314,227,8.27622032165527,523.694879174,0,1,0,0,0
CT-SBR-1-10,Sao-Benedito-River,ICMBio/CENAP,-9.051162,-56.581883,185,5.56402015686035,18.7397039574,0,0.802512409633124,0.027319656193396,0,0.170104829901992
CT-SBR-1-11,Sao-Benedito-River,ICMBio/CENAP,-9.06343,-56.580646,179,5.22822999954224,250.927012141,0,0.825359248034501,0,0,0.174384363788813
CT-SBR-1-12,Sao-Benedito-River,ICMBio/CENAP,-9.063473,-56.568815,182,3.74979996681213,152.223698361,0,0.969876803705055,0,0,0.028077213514435
CT-SBR-1-13,Sao-Benedito-River,ICMBio/CENAP,-9.051416,-56.56841,213,6.10345983505249,344.334730399,0,1,0,0,0
CT-SBR-1-14,Sao-Benedito-River,ICMBio/CENAP,-9.062535,-56.55598,189,3.28171992301941,764.644301981,0,1,0,0,0
CT-SBR-1-15,Sao-Benedito-River,ICMBio/CENAP,-9.05111,-56.555735,191,9.22764015197754,122.659386122,0,0.951323548377378,0,0,0.048849064772146
CT-SBR-1-16,Sao-Benedito-River,ICMBio/CENAP,-9.038427,-56.580885,208,9.57581043243408,679.980478611,0,1,0,0,0
CT-SBR-1-18,Sao-Benedito-River,ICMBio/CENAP,-9.037765,-56.593909,175,6.93640995025635,0,0,0.717023056054951,0.016588011712183,0,0.266395284251426
CT-SBR-1-19,Sao-Benedito-River,ICMBio/CENAP,-9.037489,-56.619397,179,5.26823997497559,251.400471213,0,0.742246823714586,0.13995292166107,0.002968421387545,0.114670723617524
CT-SBR-1-20,Sao-Benedito-River,ICMBio/CENAP,-9.051377,-56.619621,190,6.98100996017456,165.370697029,0,0.903650055622363,0.096352198044831,0,0
CT-SBR-1-21,Sao-Benedito-River,ICMBio/CENAP,-9.039589,-56.631315,176,5.1563401222229,32.622563086,0,0.700197955337873,0,0,0.299944318509691
CT-SBR-1-23,Sao-Benedito-River,ICMBio/CENAP,-9.050933,-56.531285,194,12.9949998855591,80.6473093455,0,0.975173677946986,0,0,0.024994158928274
CT-SBR-1-26,Sao-Benedito-River,ICMBio/CENAP,-9.075579,-56.518094,221,9.4013204574585,732.067260041,0,1,0,0,0
CT-SBR-1-27,Sao-Benedito-River,ICMBio/CENAP,-9.076106,-56.530724,175,12.8910999298096,96.8745368929,0,0.610580683831031,0,0,0.389485972319341
CT-SBR-1-29,Sao-Benedito-River,ICMBio/CENAP,-9.051375,-56.593793,192,6.3818302154541,806.427842852,0,0.966478428022893,0.033624363244901,0,0
