"placename","elevation","slope","dist_water","hfi","effort"
"CT-1003",114,5.11868,1385.16911,1,41
"CT-1003",114,5.11868,1385.16911,1,41
"CT-1003",114,5.11868,1385.16911,1,41
"CT-1003",114,5.11868,1385.16911,1,41
"CT-1004",116,1.428580046,637.5920955,1,41
"CT-1004",116,1.428580046,637.5920955,1,41
"CT-1004",116,1.428580046,637.5920955,1,41
"CT-1004",116,1.428580046,637.5920955,1,41
"CT-1005",113,3.674410105,463.1394549,1,42
"CT-1005",113,3.674410105,463.1394549,1,42
"CT-1005",113,3.674410105,463.1394549,1,42
"CT-1005",113,3.674410105,463.1394549,1,42
"CT-1006",112,4.272890091,329.4012883,1,41
"CT-1006",112,4.272890091,329.4012883,1,41
"CT-1006",112,4.272890091,329.4012883,1,41
"CT-1006",112,4.272890091,329.4012883,1,41
NA,114,5.11868,1385.16911,1,NA
NA,114,5.11868,1385.16911,1,NA
NA,114,5.11868,1385.16911,1,NA
"CT-1118",110,1.892019987,1775.582913,1,43
"CT-1119",114,0.9561780095,1950.151597,1,58
"CT-1155",112,3.040920019,1902.077286,1,31
"CT-1155",112,3.040920019,1902.077286,1,31
"CT-1155",112,3.040920019,1902.077286,1,31
"CT-1155",112,3.040920019,1902.077286,1,31
"CT-1156",109,5.038239956,1159.478777,1,31
"CT-1156",109,5.038239956,1159.478777,1,31
"CT-1156",109,5.038239956,1159.478777,1,31
"CT-1156",109,5.038239956,1159.478777,1,31
"CT-1157",112,2.919549942,1483.709254,1,31
"CT-1157",112,2.919549942,1483.709254,1,31
"CT-1157",112,2.919549942,1483.709254,1,31
"CT-1157",112,2.919549942,1483.709254,1,31
"CT-1193",110,3.135809898,1532.943361,1,43
"CT-1193",110,3.135809898,1532.943361,1,43
"CT-1193",110,3.135809898,1532.943361,1,43
"CT-1193",110,3.135809898,1532.943361,1,43
"CT-1194",112,2.770410061,276.2479213,1,44
"CT-1194",112,2.770410061,276.2479213,1,44
"CT-1194",112,2.770410061,276.2479213,1,44
"CT-1194",112,2.770410061,276.2479213,1,44
"CT-1195",110,5.468850136,256.0629779,1,45
"CT-143",138,7.374229908,188.504192,1,42
"CT-143",138,7.374229908,188.504192,1,42
"CT-143",138,7.374229908,188.504192,1,42
"CT-143",138,7.374229908,188.504192,1,42
"CT-143",138,7.374229908,188.504192,1,42
"CT-143",138,7.374229908,188.504192,1,42
"CT-143",138,7.374229908,188.504192,1,42
"CT-143",138,7.374229908,188.504192,1,42
"CT-143",138,7.374229908,188.504192,1,42
"CT-144",136,2.431770086,152.479637,1,43
"CT-145",137,4.957910061,346.4949495,1,13
"CT-145",137,4.957910061,346.4949495,1,13
"CT-145",137,4.957910061,346.4949495,1,13
"CT-145",137,4.957910061,346.4949495,1,13
"CT-146",127,4.641230106,177.2494499,1,42
"CT-146",127,4.641230106,177.2494499,1,42
"CT-146",127,4.641230106,177.2494499,1,42
"CT-146",127,4.641230106,177.2494499,1,42
"CT-168",135,3.08720994,414.9519514,1,64
"CT-173",143,1.733389974,663.846285,1,44
"CT-181",146,3.946850061,557.6597699,1,40
"CT-181",146,3.946850061,557.6597699,1,40
"CT-181",146,3.946850061,557.6597699,1,40
"CT-181",146,3.946850061,557.6597699,1,40
"CT-181",146,3.946850061,557.6597699,1,40
"CT-181",146,3.946850061,557.6597699,1,40
"CT-181",146,3.946850061,557.6597699,1,40
"CT-181",146,3.946850061,557.6597699,1,40
"CT-181",146,3.946850061,557.6597699,1,40
"CT-182",133,6.12405014,408.6971063,1,43
"CT-182",133,6.12405014,408.6971063,1,43
"CT-182",133,6.12405014,408.6971063,1,43
"CT-182",133,6.12405014,408.6971063,1,43
"CT-183",134,1.483219981,553.9095875,1,43
NA,114,5.11868,1385.16911,1,NA
NA,114,5.11868,1385.16911,1,NA
"CT-206",133,3.73642993,453.324911,1,61
"CT-207",123,3.610219955,148.8722369,1,59
"CT-208",135,3.038219929,489.8481746,1,40
"CT-210",139,5.387189865,174.0576457,1,59
"CT-211",159,5.32570982,682.6755456,1,44
"CT-213",147,4.053929806,220.8819348,1,44
"CT-219",127,5.220689774,204.3835152,1,46
"CT-219",127,5.220689774,204.3835152,1,46
"CT-219",127,5.220689774,204.3835152,1,46
"CT-219",127,5.220689774,204.3835152,1,46
"CT-220",131,5.713359833,484.6142962,1,34
"CT-220",131,5.713359833,484.6142962,1,34
"CT-220",131,5.713359833,484.6142962,1,34
"CT-220",131,5.713359833,484.6142962,1,34
"CT-220",131,5.713359833,484.6142962,1,34
"CT-220",131,5.713359833,484.6142962,1,34
"CT-220",131,5.713359833,484.6142962,1,34
"CT-220",131,5.713359833,484.6142962,1,34
"CT-220",131,5.713359833,484.6142962,1,34
"CT-221",121,3.681430101,405.2961835,1,42
"CT-221",121,3.681430101,405.2961835,1,42
"CT-221",121,3.681430101,405.2961835,1,42
"CT-221",121,3.681430101,405.2961835,1,42
"CT-221",121,3.681430101,405.2961835,1,42
"CT-221",121,3.681430101,405.2961835,1,42
"CT-221",121,3.681430101,405.2961835,1,42
"CT-221",121,3.681430101,405.2961835,1,42
"CT-221",121,3.681430101,405.2961835,1,42
"CT-240",166,4.054550171,745.0738204,1,36
"CT-240",166,4.054550171,745.0738204,1,36
"CT-240",166,4.054550171,745.0738204,1,36
"CT-240",166,4.054550171,745.0738204,1,36
NA,114,5.11868,1385.16911,1,NA
NA,114,5.11868,1385.16911,1,NA
NA,114,5.11868,1385.16911,1,NA
"CT-246",141,2.34691,535.5646557,1,60
"CT-247",130,2.498339891,59.81273175,1,46
"CT-248",143,3.641479969,262.0126904,1,43
"CT-249",148,7.582829952,610.9036816,1,31
"CT-251",162,1.686079979,532.2685635,1,44
"CT-252",163,9.532999992,759.4492926,1,45
"CT-257",129,3.578700066,157.4424224,1,41
"CT-257",129,3.578700066,157.4424224,1,41
"CT-257",129,3.578700066,157.4424224,1,41
"CT-257",129,3.578700066,157.4424224,1,41
"CT-258",126,3.436889887,339.0775039,1,46
"CT-258",126,3.436889887,339.0775039,1,46
"CT-258",126,3.436889887,339.0775039,1,46
"CT-258",126,3.436889887,339.0775039,1,46
"CT-258",126,3.436889887,339.0775039,1,46
"CT-258",126,3.436889887,339.0775039,1,46
"CT-258",126,3.436889887,339.0775039,1,46
"CT-258",126,3.436889887,339.0775039,1,46
"CT-258",126,3.436889887,339.0775039,1,46
"CT-259",113,7.351290226,229.2387472,1,41
"CT-259",113,7.351290226,229.2387472,1,41
"CT-259",113,7.351290226,229.2387472,1,41
"CT-259",113,7.351290226,229.2387472,1,41
"CT-259",113,7.351290226,229.2387472,1,41
"CT-259",113,7.351290226,229.2387472,1,41
"CT-259",113,7.351290226,229.2387472,1,41
"CT-259",113,7.351290226,229.2387472,1,41
"CT-259",113,7.351290226,229.2387472,1,41
NA,114,5.11868,1385.16911,1,NA
"CT-280",147,6.259679794,1665.972858,1,58
"CT-280",147,6.259679794,1665.972858,1,58
"CT-280",147,6.259679794,1665.972858,1,58
"CT-280",147,6.259679794,1665.972858,1,58
"CT-281",144,6.261459827,1235.935676,1,57
"CT-281",144,6.261459827,1235.935676,1,57
"CT-281",144,6.261459827,1235.935676,1,57
"CT-281",144,6.261459827,1235.935676,1,57
NA,114,5.11868,1385.16911,1,NA
NA,114,5.11868,1385.16911,1,NA
"CT-284",146,3.169169903,813.8606134,1,58
"CT-285",161,6.92648983,607.6701208,1,43
"CT-286",140,2.927150011,53.24983025,1,44
"CT-287",163,8.764419556,279.1784057,1,44
"CT-288",174,5.089079857,1095.739427,1,43
"CT-289",163,6.549330235,481.7580073,1,43
"CT-290",149,10.83419991,670.0546259,1,44
"CT-291",140,3.436249971,1064.895273,1,44
"CT-295",132,3.695080042,1424.430242,1,41
"CT-295",132,3.695080042,1424.430242,1,41
"CT-295",132,3.695080042,1424.430242,1,41
"CT-295",132,3.695080042,1424.430242,1,41
"CT-295",132,3.695080042,1424.430242,1,41
"CT-295",132,3.695080042,1424.430242,1,41
"CT-295",132,3.695080042,1424.430242,1,41
"CT-295",132,3.695080042,1424.430242,1,41
"CT-295",132,3.695080042,1424.430242,1,41
"CT-296",123,1.315520048,497.414111,1,41
"CT-296",123,1.315520048,497.414111,1,41
"CT-296",123,1.315520048,497.414111,1,41
"CT-296",123,1.315520048,497.414111,1,41
"CT-316",138,2.00338006,1199.877128,1,48
"CT-316",138,2.00338006,1199.877128,1,48
"CT-316",138,2.00338006,1199.877128,1,48
"CT-316",138,2.00338006,1199.877128,1,48
"CT-317",122,3.308830023,710.1239061,1,48
"CT-318",124,5.241899967,252.1362155,1,46
"CT-319",139,7.651420116,722.5886419,1,58
"CT-319",139,7.651420116,722.5886419,1,58
"CT-319",139,7.651420116,722.5886419,1,58
"CT-319",139,7.651420116,722.5886419,1,58
NA,114,5.11868,1385.16911,1,NA
NA,114,5.11868,1385.16911,1,NA
"CT-322",154,4.40805006,618.946912,1,45
"CT-322",154,4.40805006,618.946912,1,45
"CT-322",154,4.40805006,618.946912,1,45
"CT-322",154,4.40805006,618.946912,1,45
"CT-323",138,4.10258007,178.0682916,1,62
"CT-323",138,4.10258007,178.0682916,1,62
"CT-323",138,4.10258007,178.0682916,1,62
"CT-323",138,4.10258007,178.0682916,1,62
"CT-323",138,4.10258007,178.0682916,1,62
"CT-323",138,4.10258007,178.0682916,1,62
"CT-323",138,4.10258007,178.0682916,1,62
"CT-323",138,4.10258007,178.0682916,1,62
"CT-323",138,4.10258007,178.0682916,1,62
"CT-324",146,1.967210054,632.7951474,1,62
"CT-324",146,1.967210054,632.7951474,1,62
"CT-324",146,1.967210054,632.7951474,1,62
"CT-324",146,1.967210054,632.7951474,1,62
"CT-325",151,7.691170216,359.5820778,1,62
"CT-325",151,7.691170216,359.5820778,1,62
"CT-325",151,7.691170216,359.5820778,1,62
"CT-325",151,7.691170216,359.5820778,1,62
"CT-326",160,1.700620055,502.5507416,1,43
"CT-327",150,3.756079912,164.7604499,1,41
"CT-328",171,13.69799995,617.1823885,1,41
"CT-329",156,6.821539879,795.9280938,1,44
"CT-355",149,11.1072998,674.8148088,1,58
"CT-355",149,11.1072998,674.8148088,1,58
"CT-355",149,11.1072998,674.8148088,1,58
"CT-355",149,11.1072998,674.8148088,1,58
"CT-356",129,7.059999943,1035.173673,1,58
"CT-356",129,7.059999943,1035.173673,1,58
"CT-356",129,7.059999943,1035.173673,1,58
"CT-356",129,7.059999943,1035.173673,1,58
"CT-357",146,3.85187006,418.9447715,1,57
"CT-357",146,3.85187006,418.9447715,1,57
"CT-357",146,3.85187006,418.9447715,1,57
"CT-357",146,3.85187006,418.9447715,1,57
"CT-358",141,5.153329849,914.2841461,1,40
"CT-359",143,2.283349991,766.3088661,1,45
"CT-359",143,2.283349991,766.3088661,1,45
"CT-359",143,2.283349991,766.3088661,1,45
"CT-359",143,2.283349991,766.3088661,1,45
"CT-360",127,3.315340042,28.8928846,1,20
"CT-360",127,3.315340042,28.8928846,1,20
"CT-360",127,3.315340042,28.8928846,1,20
"CT-360",127,3.315340042,28.8928846,1,20
"CT-360",127,3.315340042,28.8928846,1,20
"CT-360",127,3.315340042,28.8928846,1,20
"CT-360",127,3.315340042,28.8928846,1,20
"CT-360",127,3.315340042,28.8928846,1,20
"CT-360",127,3.315340042,28.8928846,1,20
"CT-361",133,1.72902,324.8894704,1,39
"CT-361",133,1.72902,324.8894704,1,39
"CT-361",133,1.72902,324.8894704,1,39
"CT-361",133,1.72902,324.8894704,1,39
"CT-362",146,4.795889854,325.815702,1,43
"CT-362",146,4.795889854,325.815702,1,43
"CT-362",146,4.795889854,325.815702,1,43
"CT-362",146,4.795889854,325.815702,1,43
"CT-363",150,2.321939945,538.1946712,1,61
"CT-363",150,2.321939945,538.1946712,1,61
"CT-363",150,2.321939945,538.1946712,1,61
"CT-363",150,2.321939945,538.1946712,1,61
"CT-364",154,6.35352993,477.8067216,1,63
"CT-364",154,6.35352993,477.8067216,1,63
"CT-364",154,6.35352993,477.8067216,1,63
"CT-364",154,6.35352993,477.8067216,1,63
"CT-366",173,13.36180019,350.8483035,1,45
"CT-393",126,2.428469896,578.3334411,1,57
"CT-393",126,2.428469896,578.3334411,1,57
"CT-393",126,2.428469896,578.3334411,1,57
"CT-393",126,2.428469896,578.3334411,1,57
"CT-394",128,5.721970081,1621.799849,1,58
"CT-394",128,5.721970081,1621.799849,1,58
"CT-394",128,5.721970081,1621.799849,1,58
"CT-394",128,5.721970081,1621.799849,1,58
NA,114,5.11868,1385.16911,1,NA
"CT-396",143,1.599969983,649.0135394,1,39
"CT-396",143,1.599969983,649.0135394,1,39
"CT-396",143,1.599969983,649.0135394,1,39
"CT-396",143,1.599969983,649.0135394,1,39
"CT-397",135,4.319719791,666.7999574,1,38
"CT-397",135,4.319719791,666.7999574,1,38
"CT-397",135,4.319719791,666.7999574,1,38
"CT-397",135,4.319719791,666.7999574,1,38
"CT-398",137,3.767499924,656.1303428,1,45
"CT-398",137,3.767499924,656.1303428,1,45
"CT-398",137,3.767499924,656.1303428,1,45
"CT-398",137,3.767499924,656.1303428,1,45
"CT-399",143,5.478020191,510.262056,1,42
"CT-399",143,5.478020191,510.262056,1,42
"CT-399",143,5.478020191,510.262056,1,42
"CT-399",143,5.478020191,510.262056,1,42
"CT-400",138,5.649300098,122.1977493,1,42
"CT-400",138,5.649300098,122.1977493,1,42
"CT-400",138,5.649300098,122.1977493,1,42
"CT-400",138,5.649300098,122.1977493,1,42
"CT-401",133,6.301700115,119.0513726,1,61
"CT-401",133,6.301700115,119.0513726,1,61
"CT-401",133,6.301700115,119.0513726,1,61
"CT-401",133,6.301700115,119.0513726,1,61
"CT-402",149,4.04708004,783.6912045,1,46
"CT-432",139,3.100169897,589.8556348,1,39
"CT-432",139,3.100169897,589.8556348,1,39
"CT-432",139,3.100169897,589.8556348,1,39
"CT-432",139,3.100169897,589.8556348,1,39
"CT-434",128,7.211800098,183.6313979,1,57
"CT-434",128,7.211800098,183.6313979,1,57
"CT-434",128,7.211800098,183.6313979,1,57
"CT-434",128,7.211800098,183.6313979,1,57
"CT-435",131,3.770129919,629.8965549,1,38
"CT-435",131,3.770129919,629.8965549,1,38
"CT-435",131,3.770129919,629.8965549,1,38
"CT-435",131,3.770129919,629.8965549,1,38
"CT-436",133,3.269459963,721.3586559,1,42
"CT-436",133,3.269459963,721.3586559,1,42
"CT-436",133,3.269459963,721.3586559,1,42
"CT-436",133,3.269459963,721.3586559,1,42
"CT-437",142,10.71879959,206.6581033,1,42
"CT-438",136,2.580049992,380.0541852,1,42
"CT-438",136,2.580049992,380.0541852,1,42
"CT-438",136,2.580049992,380.0541852,1,42
"CT-438",136,2.580049992,380.0541852,1,42
"CT-439",139,3.482880116,646.5972126,1,61
"CT-439",139,3.482880116,646.5972126,1,61
"CT-439",139,3.482880116,646.5972126,1,61
"CT-439",139,3.482880116,646.5972126,1,61
"CT-440",149,1.169209957,309.3723537,1,46
"CT-445",132,2.375720024,110.9531892,1,36
"CT-446",129,4.526830196,359.9582978,1,37
"CT-446",129,4.526830196,359.9582978,1,37
"CT-446",129,4.526830196,359.9582978,1,37
"CT-446",129,4.526830196,359.9582978,1,37
"CT-447",132,8.566729546,442.5463744,1,35
"CT-447",132,8.566729546,442.5463744,1,35
"CT-447",132,8.566729546,442.5463744,1,35
"CT-447",132,8.566729546,442.5463744,1,35
"CT-447",132,8.566729546,442.5463744,1,35
"CT-447",132,8.566729546,442.5463744,1,35
"CT-447",132,8.566729546,442.5463744,1,35
"CT-447",132,8.566729546,442.5463744,1,35
"CT-447",132,8.566729546,442.5463744,1,35
"CT-470",123,5.519740105,786.8677301,1,45
"CT-471",132,5.194570065,487.0774578,1,47
"CT-472",129,4.519649982,606.8350001,1,58
"CT-472",129,4.519649982,606.8350001,1,58
"CT-472",129,4.519649982,606.8350001,1,58
"CT-472",129,4.519649982,606.8350001,1,58
"CT-473",136,2.476599932,423.8812667,1,60
"CT-473",136,2.476599932,423.8812667,1,60
"CT-473",136,2.476599932,423.8812667,1,60
"CT-473",136,2.476599932,423.8812667,1,60
"CT-474",141,2.649909973,1261.049152,1,60
"CT-474",141,2.649909973,1261.049152,1,60
"CT-474",141,2.649909973,1261.049152,1,60
"CT-474",141,2.649909973,1261.049152,1,60
"CT-475",133,6.398560047,730.3485638,1,42
"CT-475",133,6.398560047,730.3485638,1,42
"CT-475",133,6.398560047,730.3485638,1,42
"CT-475",133,6.398560047,730.3485638,1,42
"CT-476",130,1.75849998,474.3211505,1,45
"CT-476",130,1.75849998,474.3211505,1,45
"CT-476",130,1.75849998,474.3211505,1,45
"CT-476",130,1.75849998,474.3211505,1,45
"CT-477",143,5.453800201,676.6715467,1,6
"CT-477",143,5.453800201,676.6715467,1,6
"CT-477",143,5.453800201,676.6715467,1,6
"CT-477",143,5.453800201,676.6715467,1,6
"CT-478",144,3.778539896,718.6635292,1,43
"CT-478",144,3.778539896,718.6635292,1,43
"CT-478",144,3.778539896,718.6635292,1,43
"CT-478",144,3.778539896,718.6635292,1,43
"CT-479",143,9.372420311,291.0410009,1,43
"CT-479",143,9.372420311,291.0410009,1,43
"CT-479",143,9.372420311,291.0410009,1,43
"CT-479",143,9.372420311,291.0410009,1,43
"CT-483",129,7.837870121,1253.891316,1,35
"CT-483",129,7.837870121,1253.891316,1,35
"CT-483",129,7.837870121,1253.891316,1,35
"CT-483",129,7.837870121,1253.891316,1,35
"CT-483",129,7.837870121,1253.891316,1,35
"CT-483",129,7.837870121,1253.891316,1,35
"CT-483",129,7.837870121,1253.891316,1,35
"CT-483",129,7.837870121,1253.891316,1,35
"CT-483",129,7.837870121,1253.891316,1,35
"CT-484",118,3.053250074,331.2512135,1,40
"CT-484",118,3.053250074,331.2512135,1,40
"CT-484",118,3.053250074,331.2512135,1,40
"CT-484",118,3.053250074,331.2512135,1,40
"CT-485",128,4.566699982,627.8517024,1,35
"CT-485",128,4.566699982,627.8517024,1,35
"CT-485",128,4.566699982,627.8517024,1,35
"CT-485",128,4.566699982,627.8517024,1,35
"CT-485",128,4.566699982,627.8517024,1,35
"CT-485",128,4.566699982,627.8517024,1,35
"CT-485",128,4.566699982,627.8517024,1,35
"CT-485",128,4.566699982,627.8517024,1,35
"CT-485",128,4.566699982,627.8517024,1,35
"CT-486",123,3.2932899,542.5349605,1,35
"CT-486",123,3.2932899,542.5349605,1,35
"CT-486",123,3.2932899,542.5349605,1,35
"CT-486",123,3.2932899,542.5349605,1,35
"CT-509",129,4.410059929,437.8089962,1,63
"CT-510",117,6.088530064,141.4468136,1,58
"CT-510",117,6.088530064,141.4468136,1,58
"CT-510",117,6.088530064,141.4468136,1,58
"CT-510",117,6.088530064,141.4468136,1,58
"CT-511",141,3.258049965,1131.595071,1,58
"CT-511",141,3.258049965,1131.595071,1,58
"CT-511",141,3.258049965,1131.595071,1,58
"CT-511",141,3.258049965,1131.595071,1,58
"CT-512",124,8.174119949,598.3939926,1,58
"CT-512",124,8.174119949,598.3939926,1,58
"CT-512",124,8.174119949,598.3939926,1,58
"CT-512",124,8.174119949,598.3939926,1,58
"CT-513",125,1.580739975,555.3593198,1,46
"CT-514",134,2.818520069,945.8753292,1,40
"CT-515",123,3.578310013,55.7066119,1,28
"CT-515",123,3.578310013,55.7066119,1,28
"CT-515",123,3.578310013,55.7066119,1,28
"CT-515",123,3.578310013,55.7066119,1,28
"CT-516",131,3.837450027,246.0829086,1,39
"CT-516",131,3.837450027,246.0829086,1,39
"CT-516",131,3.837450027,246.0829086,1,39
"CT-516",131,3.837450027,246.0829086,1,39
"CT-521",137,7.249800205,134.9213633,1,38
"CT-521",137,7.249800205,134.9213633,1,38
"CT-521",137,7.249800205,134.9213633,1,38
"CT-521",137,7.249800205,134.9213633,1,38
"CT-522",125,9.754890442,19.33547532,1,35
"CT-522",125,9.754890442,19.33547532,1,35
"CT-522",125,9.754890442,19.33547532,1,35
"CT-522",125,9.754890442,19.33547532,1,35
"CT-522",125,9.754890442,19.33547532,1,35
"CT-522",125,9.754890442,19.33547532,1,35
"CT-522",125,9.754890442,19.33547532,1,35
"CT-522",125,9.754890442,19.33547532,1,35
"CT-522",125,9.754890442,19.33547532,1,35
"CT-523",116,4.627830029,204.4553399,1,35
"CT-523",116,4.627830029,204.4553399,1,35
"CT-523",116,4.627830029,204.4553399,1,35
"CT-523",116,4.627830029,204.4553399,1,35
"CT-523",116,4.627830029,204.4553399,1,35
"CT-523",116,4.627830029,204.4553399,1,35
"CT-523",116,4.627830029,204.4553399,1,35
"CT-523",116,4.627830029,204.4553399,1,35
"CT-523",116,4.627830029,204.4553399,1,35
"CT-524",119,4.934929848,1102.128502,1,35
"CT-524",119,4.934929848,1102.128502,1,35
"CT-524",119,4.934929848,1102.128502,1,35
"CT-524",119,4.934929848,1102.128502,1,35
"CT-524",119,4.934929848,1102.128502,1,35
"CT-524",119,4.934929848,1102.128502,1,35
"CT-524",119,4.934929848,1102.128502,1,35
"CT-524",119,4.934929848,1102.128502,1,35
"CT-524",119,4.934929848,1102.128502,1,35
"CT-549",122,6.042190075,705.0087542,1,58
"CT-549",122,6.042190075,705.0087542,1,58
"CT-549",122,6.042190075,705.0087542,1,58
"CT-549",122,6.042190075,705.0087542,1,58
"CT-551",124,3.547889948,705.9587521,1,40
"CT-551",124,3.547889948,705.9587521,1,40
"CT-551",124,3.547889948,705.9587521,1,40
"CT-551",124,3.547889948,705.9587521,1,40
"CT-552",116,10.31260014,40.33541428,1,40
"CT-552",116,10.31260014,40.33541428,1,40
"CT-552",116,10.31260014,40.33541428,1,40
"CT-552",116,10.31260014,40.33541428,1,40
"CT-555",132,3.096110106,711.6943721,1,36
"CT-555",132,3.096110106,711.6943721,1,36
"CT-555",132,3.096110106,711.6943721,1,36
"CT-555",132,3.096110106,711.6943721,1,36
"CT-555",132,3.096110106,711.6943721,1,36
"CT-555",132,3.096110106,711.6943721,1,36
"CT-555",132,3.096110106,711.6943721,1,36
"CT-555",132,3.096110106,711.6943721,1,36
"CT-555",132,3.096110106,711.6943721,1,36
"CT-555",132,3.096110106,711.6943721,1,36
"CT-555",132,3.096110106,711.6943721,1,36
"CT-555",132,3.096110106,711.6943721,1,36
"CT-555",132,3.096110106,711.6943721,1,36
"CT-555",132,3.096110106,711.6943721,1,36
"CT-555",132,3.096110106,711.6943721,1,36
"CT-555",132,3.096110106,711.6943721,1,36
"CT-556",118,5.116010189,126.5090273,1,23
"CT-556",118,5.116010189,126.5090273,1,23
"CT-556",118,5.116010189,126.5090273,1,23
"CT-556",118,5.116010189,126.5090273,1,23
"CT-556",118,5.116010189,126.5090273,1,23
"CT-556",118,5.116010189,126.5090273,1,23
"CT-556",118,5.116010189,126.5090273,1,23
"CT-556",118,5.116010189,126.5090273,1,23
"CT-556",118,5.116010189,126.5090273,1,23
"CT-560",130,7.413889885,17.84513143,1,36
"CT-560",130,7.413889885,17.84513143,1,36
"CT-560",130,7.413889885,17.84513143,1,36
"CT-560",130,7.413889885,17.84513143,1,36
"CT-560",130,7.413889885,17.84513143,1,36
"CT-560",130,7.413889885,17.84513143,1,36
"CT-560",130,7.413889885,17.84513143,1,36
"CT-560",130,7.413889885,17.84513143,1,36
"CT-560",130,7.413889885,17.84513143,1,36
"CT-561",118,4.534480095,598.0454722,1,10
"CT-561",118,4.534480095,598.0454722,1,10
"CT-561",118,4.534480095,598.0454722,1,10
"CT-561",118,4.534480095,598.0454722,1,10
"CT-561",118,4.534480095,598.0454722,1,10
"CT-561",118,4.534480095,598.0454722,1,10
"CT-561",118,4.534480095,598.0454722,1,10
"CT-561",118,4.534480095,598.0454722,1,10
"CT-561",118,4.534480095,598.0454722,1,10
"CT-562",112,5.357789993,100.8421806,1,38
"CT-562",112,5.357789993,100.8421806,1,38
"CT-562",112,5.357789993,100.8421806,1,38
"CT-562",112,5.357789993,100.8421806,1,38
"CT-562",112,5.357789993,100.8421806,1,38
"CT-562",112,5.357789993,100.8421806,1,38
"CT-562",112,5.357789993,100.8421806,1,38
"CT-562",112,5.357789993,100.8421806,1,38
"CT-562",112,5.357789993,100.8421806,1,38
"CT-591",115,2.712879896,1897.302079,1,37
"CT-591",115,2.712879896,1897.302079,1,37
"CT-591",115,2.712879896,1897.302079,1,37
"CT-591",115,2.712879896,1897.302079,1,37
"CT-591",115,2.712879896,1897.302079,1,37
"CT-591",115,2.712879896,1897.302079,1,37
"CT-591",115,2.712879896,1897.302079,1,37
"CT-591",115,2.712879896,1897.302079,1,37
"CT-591",115,2.712879896,1897.302079,1,37
"CT-591",115,2.712879896,1897.302079,1,37
"CT-591",115,2.712879896,1897.302079,1,37
"CT-591",115,2.712879896,1897.302079,1,37
"CT-591",115,2.712879896,1897.302079,1,37
"CT-591",115,2.712879896,1897.302079,1,37
"CT-591",115,2.712879896,1897.302079,1,37
"CT-591",115,2.712879896,1897.302079,1,37
"CT-592",117,3.820679903,694.3166933,1,37
"CT-592",117,3.820679903,694.3166933,1,37
"CT-592",117,3.820679903,694.3166933,1,37
"CT-592",117,3.820679903,694.3166933,1,37
"CT-592",117,3.820679903,694.3166933,1,37
"CT-592",117,3.820679903,694.3166933,1,37
"CT-592",117,3.820679903,694.3166933,1,37
"CT-592",117,3.820679903,694.3166933,1,37
"CT-592",117,3.820679903,694.3166933,1,37
"CT-592",117,3.820679903,694.3166933,1,37
"CT-592",117,3.820679903,694.3166933,1,37
"CT-592",117,3.820679903,694.3166933,1,37
"CT-592",117,3.820679903,694.3166933,1,37
"CT-592",117,3.820679903,694.3166933,1,37
"CT-592",117,3.820679903,694.3166933,1,37
"CT-592",117,3.820679903,694.3166933,1,37
"CT-593",129,3.184880018,426.6318933,1,33
"CT-593",129,3.184880018,426.6318933,1,33
"CT-593",129,3.184880018,426.6318933,1,33
"CT-593",129,3.184880018,426.6318933,1,33
"CT-593",129,3.184880018,426.6318933,1,33
"CT-593",129,3.184880018,426.6318933,1,33
"CT-593",129,3.184880018,426.6318933,1,33
"CT-593",129,3.184880018,426.6318933,1,33
"CT-593",129,3.184880018,426.6318933,1,33
"CT-593",129,3.184880018,426.6318933,1,33
"CT-593",129,3.184880018,426.6318933,1,33
"CT-593",129,3.184880018,426.6318933,1,33
"CT-593",129,3.184880018,426.6318933,1,33
"CT-593",129,3.184880018,426.6318933,1,33
"CT-593",129,3.184880018,426.6318933,1,33
"CT-593",129,3.184880018,426.6318933,1,33
"CT-594",140,4.461929798,601.1152202,1,41
"CT-594",140,4.461929798,601.1152202,1,41
"CT-594",140,4.461929798,601.1152202,1,41
"CT-594",140,4.461929798,601.1152202,1,41
"CT-594",140,4.461929798,601.1152202,1,41
"CT-594",140,4.461929798,601.1152202,1,41
"CT-594",140,4.461929798,601.1152202,1,41
"CT-594",140,4.461929798,601.1152202,1,41
"CT-594",140,4.461929798,601.1152202,1,41
"CT-595",133,3.589639902,1396.416169,1,37
"CT-595",133,3.589639902,1396.416169,1,37
"CT-595",133,3.589639902,1396.416169,1,37
"CT-595",133,3.589639902,1396.416169,1,37
"CT-595",133,3.589639902,1396.416169,1,37
"CT-595",133,3.589639902,1396.416169,1,37
"CT-595",133,3.589639902,1396.416169,1,37
"CT-595",133,3.589639902,1396.416169,1,37
"CT-595",133,3.589639902,1396.416169,1,37
"CT-595",133,3.589639902,1396.416169,1,37
"CT-595",133,3.589639902,1396.416169,1,37
"CT-595",133,3.589639902,1396.416169,1,37
"CT-595",133,3.589639902,1396.416169,1,37
"CT-595",133,3.589639902,1396.416169,1,37
"CT-595",133,3.589639902,1396.416169,1,37
"CT-595",133,3.589639902,1396.416169,1,37
"CT-599",114,3.810410023,138.8954771,1,37
"CT-599",114,3.810410023,138.8954771,1,37
"CT-599",114,3.810410023,138.8954771,1,37
"CT-599",114,3.810410023,138.8954771,1,37
"CT-629",120,4.927750111,1664.729381,1,39
"CT-629",120,4.927750111,1664.729381,1,39
"CT-629",120,4.927750111,1664.729381,1,39
"CT-629",120,4.927750111,1664.729381,1,39
"CT-629",120,4.927750111,1664.729381,1,39
"CT-629",120,4.927750111,1664.729381,1,39
"CT-629",120,4.927750111,1664.729381,1,39
"CT-629",120,4.927750111,1664.729381,1,39
"CT-629",120,4.927750111,1664.729381,1,39
"CT-629",120,4.927750111,1664.729381,1,39
"CT-629",120,4.927750111,1664.729381,1,39
"CT-629",120,4.927750111,1664.729381,1,39
"CT-629",120,4.927750111,1664.729381,1,39
"CT-629",120,4.927750111,1664.729381,1,39
"CT-629",120,4.927750111,1664.729381,1,39
"CT-629",120,4.927750111,1664.729381,1,39
"CT-630",119,2.059669971,310.708099,1,40
"CT-630",119,2.059669971,310.708099,1,40
"CT-630",119,2.059669971,310.708099,1,40
"CT-630",119,2.059669971,310.708099,1,40
"CT-630",119,2.059669971,310.708099,1,40
"CT-630",119,2.059669971,310.708099,1,40
"CT-630",119,2.059669971,310.708099,1,40
"CT-630",119,2.059669971,310.708099,1,40
"CT-630",119,2.059669971,310.708099,1,40
"CT-630",119,2.059669971,310.708099,1,40
"CT-630",119,2.059669971,310.708099,1,40
"CT-630",119,2.059669971,310.708099,1,40
"CT-630",119,2.059669971,310.708099,1,40
"CT-630",119,2.059669971,310.708099,1,40
"CT-630",119,2.059669971,310.708099,1,40
"CT-630",119,2.059669971,310.708099,1,40
"CT-631",125,4.231160164,918.2949178,1,52
"CT-631",125,4.231160164,918.2949178,1,52
"CT-631",125,4.231160164,918.2949178,1,52
"CT-631",125,4.231160164,918.2949178,1,52
"CT-631",125,4.231160164,918.2949178,1,52
"CT-631",125,4.231160164,918.2949178,1,52
"CT-631",125,4.231160164,918.2949178,1,52
"CT-631",125,4.231160164,918.2949178,1,52
"CT-631",125,4.231160164,918.2949178,1,52
"CT-631",125,4.231160164,918.2949178,1,52
"CT-631",125,4.231160164,918.2949178,1,52
"CT-631",125,4.231160164,918.2949178,1,52
"CT-631",125,4.231160164,918.2949178,1,52
"CT-631",125,4.231160164,918.2949178,1,52
"CT-631",125,4.231160164,918.2949178,1,52
"CT-631",125,4.231160164,918.2949178,1,52
"CT-632",149,6.742660046,756.3943607,1,36
"CT-632",149,6.742660046,756.3943607,1,36
"CT-632",149,6.742660046,756.3943607,1,36
"CT-632",149,6.742660046,756.3943607,1,36
"CT-632",149,6.742660046,756.3943607,1,36
"CT-632",149,6.742660046,756.3943607,1,36
"CT-632",149,6.742660046,756.3943607,1,36
"CT-632",149,6.742660046,756.3943607,1,36
"CT-632",149,6.742660046,756.3943607,1,36
"CT-633",141,3.876450062,1557.95063,1,52
"CT-633",141,3.876450062,1557.95063,1,52
"CT-633",141,3.876450062,1557.95063,1,52
"CT-633",141,3.876450062,1557.95063,1,52
"CT-633",141,3.876450062,1557.95063,1,52
"CT-633",141,3.876450062,1557.95063,1,52
"CT-633",141,3.876450062,1557.95063,1,52
"CT-633",141,3.876450062,1557.95063,1,52
"CT-633",141,3.876450062,1557.95063,1,52
"CT-633",141,3.876450062,1557.95063,1,52
"CT-633",141,3.876450062,1557.95063,1,52
"CT-633",141,3.876450062,1557.95063,1,52
"CT-633",141,3.876450062,1557.95063,1,52
"CT-633",141,3.876450062,1557.95063,1,52
"CT-633",141,3.876450062,1557.95063,1,52
"CT-633",141,3.876450062,1557.95063,1,52
"CT-667",115,2.179100037,1352.535459,1,35
"CT-667",115,2.179100037,1352.535459,1,35
"CT-667",115,2.179100037,1352.535459,1,35
"CT-667",115,2.179100037,1352.535459,1,35
"CT-667",115,2.179100037,1352.535459,1,35
"CT-667",115,2.179100037,1352.535459,1,35
"CT-667",115,2.179100037,1352.535459,1,35
"CT-667",115,2.179100037,1352.535459,1,35
"CT-667",115,2.179100037,1352.535459,1,35
"CT-668",114,4.862649918,507.3055659,1,40
"CT-668",114,4.862649918,507.3055659,1,40
"CT-668",114,4.862649918,507.3055659,1,40
"CT-668",114,4.862649918,507.3055659,1,40
"CT-668",114,4.862649918,507.3055659,1,40
"CT-668",114,4.862649918,507.3055659,1,40
"CT-668",114,4.862649918,507.3055659,1,40
"CT-668",114,4.862649918,507.3055659,1,40
"CT-668",114,4.862649918,507.3055659,1,40
"CT-668",114,4.862649918,507.3055659,1,40
"CT-668",114,4.862649918,507.3055659,1,40
"CT-668",114,4.862649918,507.3055659,1,40
"CT-668",114,4.862649918,507.3055659,1,40
"CT-668",114,4.862649918,507.3055659,1,40
"CT-668",114,4.862649918,507.3055659,1,40
"CT-668",114,4.862649918,507.3055659,1,40
"CT-669",117,4.122620106,742.1926533,1,51
"CT-669",117,4.122620106,742.1926533,1,51
"CT-669",117,4.122620106,742.1926533,1,51
"CT-669",117,4.122620106,742.1926533,1,51
"CT-669",117,4.122620106,742.1926533,1,51
"CT-669",117,4.122620106,742.1926533,1,51
"CT-669",117,4.122620106,742.1926533,1,51
"CT-669",117,4.122620106,742.1926533,1,51
"CT-669",117,4.122620106,742.1926533,1,51
"CT-669",117,4.122620106,742.1926533,1,51
"CT-669",117,4.122620106,742.1926533,1,51
"CT-669",117,4.122620106,742.1926533,1,51
"CT-669",117,4.122620106,742.1926533,1,51
"CT-669",117,4.122620106,742.1926533,1,51
"CT-669",117,4.122620106,742.1926533,1,51
"CT-669",117,4.122620106,742.1926533,1,51
"CT-670",122,2.975169897,2132.225048,1,51
"CT-670",122,2.975169897,2132.225048,1,51
"CT-670",122,2.975169897,2132.225048,1,51
"CT-670",122,2.975169897,2132.225048,1,51
"CT-670",122,2.975169897,2132.225048,1,51
"CT-670",122,2.975169897,2132.225048,1,51
"CT-670",122,2.975169897,2132.225048,1,51
"CT-670",122,2.975169897,2132.225048,1,51
"CT-670",122,2.975169897,2132.225048,1,51
"CT-670",122,2.975169897,2132.225048,1,51
"CT-670",122,2.975169897,2132.225048,1,51
"CT-670",122,2.975169897,2132.225048,1,51
"CT-670",122,2.975169897,2132.225048,1,51
"CT-670",122,2.975169897,2132.225048,1,51
"CT-670",122,2.975169897,2132.225048,1,51
"CT-670",122,2.975169897,2132.225048,1,51
"CT-671",138,4.087110043,1930.568208,1,36
"CT-671",138,4.087110043,1930.568208,1,36
"CT-671",138,4.087110043,1930.568208,1,36
"CT-671",138,4.087110043,1930.568208,1,36
"CT-671",138,4.087110043,1930.568208,1,36
"CT-671",138,4.087110043,1930.568208,1,36
"CT-671",138,4.087110043,1930.568208,1,36
"CT-671",138,4.087110043,1930.568208,1,36
"CT-671",138,4.087110043,1930.568208,1,36
"CT-671",138,4.087110043,1930.568208,1,36
"CT-671",138,4.087110043,1930.568208,1,36
"CT-671",138,4.087110043,1930.568208,1,36
"CT-671",138,4.087110043,1930.568208,1,36
"CT-671",138,4.087110043,1930.568208,1,36
"CT-671",138,4.087110043,1930.568208,1,36
"CT-671",138,4.087110043,1930.568208,1,36
"CT-705",112,3.730089903,446.2232275,1,40
"CT-705",112,3.730089903,446.2232275,1,40
"CT-705",112,3.730089903,446.2232275,1,40
"CT-705",112,3.730089903,446.2232275,1,40
"CT-705",112,3.730089903,446.2232275,1,40
"CT-705",112,3.730089903,446.2232275,1,40
"CT-705",112,3.730089903,446.2232275,1,40
"CT-705",112,3.730089903,446.2232275,1,40
"CT-705",112,3.730089903,446.2232275,1,40
"CT-705",112,3.730089903,446.2232275,1,40
"CT-705",112,3.730089903,446.2232275,1,40
"CT-705",112,3.730089903,446.2232275,1,40
"CT-705",112,3.730089903,446.2232275,1,40
"CT-705",112,3.730089903,446.2232275,1,40
"CT-705",112,3.730089903,446.2232275,1,40
"CT-705",112,3.730089903,446.2232275,1,40
"CT-706",111,5.251880169,443.9583026,1,40
"CT-706",111,5.251880169,443.9583026,1,40
"CT-706",111,5.251880169,443.9583026,1,40
"CT-706",111,5.251880169,443.9583026,1,40
"CT-706",111,5.251880169,443.9583026,1,40
"CT-706",111,5.251880169,443.9583026,1,40
"CT-706",111,5.251880169,443.9583026,1,40
"CT-706",111,5.251880169,443.9583026,1,40
"CT-706",111,5.251880169,443.9583026,1,40
"CT-707",110,3.371759892,845.089571,1,51
"CT-707",110,3.371759892,845.089571,1,51
"CT-707",110,3.371759892,845.089571,1,51
"CT-707",110,3.371759892,845.089571,1,51
"CT-707",110,3.371759892,845.089571,1,51
"CT-707",110,3.371759892,845.089571,1,51
"CT-707",110,3.371759892,845.089571,1,51
"CT-707",110,3.371759892,845.089571,1,51
"CT-707",110,3.371759892,845.089571,1,51
"CT-707",110,3.371759892,845.089571,1,51
"CT-707",110,3.371759892,845.089571,1,51
"CT-707",110,3.371759892,845.089571,1,51
"CT-707",110,3.371759892,845.089571,1,51
"CT-707",110,3.371759892,845.089571,1,51
"CT-707",110,3.371759892,845.089571,1,51
"CT-707",110,3.371759892,845.089571,1,51
"CT-708",112,2.825649977,850.0585838,1,42
"CT-708",112,2.825649977,850.0585838,1,42
"CT-708",112,2.825649977,850.0585838,1,42
"CT-708",112,2.825649977,850.0585838,1,42
"CT-708",112,2.825649977,850.0585838,1,42
"CT-708",112,2.825649977,850.0585838,1,42
"CT-708",112,2.825649977,850.0585838,1,42
"CT-708",112,2.825649977,850.0585838,1,42
"CT-708",112,2.825649977,850.0585838,1,42
"CT-709",110,4.699659824,558.2441938,1,36
"CT-709",110,4.699659824,558.2441938,1,36
"CT-709",110,4.699659824,558.2441938,1,36
"CT-709",110,4.699659824,558.2441938,1,36
"CT-709",110,4.699659824,558.2441938,1,36
"CT-709",110,4.699659824,558.2441938,1,36
"CT-709",110,4.699659824,558.2441938,1,36
"CT-709",110,4.699659824,558.2441938,1,36
"CT-709",110,4.699659824,558.2441938,1,36
"CT-709",110,4.699659824,558.2441938,1,36
"CT-709",110,4.699659824,558.2441938,1,36
"CT-709",110,4.699659824,558.2441938,1,36
"CT-709",110,4.699659824,558.2441938,1,36
"CT-709",110,4.699659824,558.2441938,1,36
"CT-709",110,4.699659824,558.2441938,1,36
"CT-709",110,4.699659824,558.2441938,1,36
NA,114,5.11868,1385.16911,1,NA
"CT-743",115,2.645519972,389.1569972,1,39
"CT-743",115,2.645519972,389.1569972,1,39
"CT-743",115,2.645519972,389.1569972,1,39
"CT-743",115,2.645519972,389.1569972,1,39
"CT-743",115,2.645519972,389.1569972,1,39
"CT-743",115,2.645519972,389.1569972,1,39
"CT-743",115,2.645519972,389.1569972,1,39
"CT-743",115,2.645519972,389.1569972,1,39
"CT-743",115,2.645519972,389.1569972,1,39
"CT-744",116,6.143340111,239.0471112,1,41
"CT-744",116,6.143340111,239.0471112,1,41
"CT-744",116,6.143340111,239.0471112,1,41
"CT-744",116,6.143340111,239.0471112,1,41
"CT-744",116,6.143340111,239.0471112,1,41
"CT-744",116,6.143340111,239.0471112,1,41
"CT-744",116,6.143340111,239.0471112,1,41
"CT-744",116,6.143340111,239.0471112,1,41
"CT-744",116,6.143340111,239.0471112,1,41
"CT-745",113,2.472490072,1100.472007,1,39
"CT-745",113,2.472490072,1100.472007,1,39
"CT-745",113,2.472490072,1100.472007,1,39
"CT-745",113,2.472490072,1100.472007,1,39
"CT-745",113,2.472490072,1100.472007,1,39
"CT-745",113,2.472490072,1100.472007,1,39
"CT-745",113,2.472490072,1100.472007,1,39
"CT-745",113,2.472490072,1100.472007,1,39
"CT-745",113,2.472490072,1100.472007,1,39
"CT-746",110,4.806099892,137.41269,1,35
"CT-746",110,4.806099892,137.41269,1,35
"CT-746",110,4.806099892,137.41269,1,35
"CT-746",110,4.806099892,137.41269,1,35
"CT-746",110,4.806099892,137.41269,1,35
"CT-746",110,4.806099892,137.41269,1,35
"CT-746",110,4.806099892,137.41269,1,35
"CT-746",110,4.806099892,137.41269,1,35
"CT-746",110,4.806099892,137.41269,1,35
"CT-747",122,3.397530079,832.4318122,1,35
"CT-747",122,3.397530079,832.4318122,1,35
"CT-747",122,3.397530079,832.4318122,1,35
"CT-747",122,3.397530079,832.4318122,1,35
"CT-747",122,3.397530079,832.4318122,1,35
"CT-747",122,3.397530079,832.4318122,1,35
"CT-747",122,3.397530079,832.4318122,1,35
"CT-747",122,3.397530079,832.4318122,1,35
"CT-747",122,3.397530079,832.4318122,1,35
"CT-747",122,3.397530079,832.4318122,1,35
"CT-747",122,3.397530079,832.4318122,1,35
"CT-747",122,3.397530079,832.4318122,1,35
"CT-747",122,3.397530079,832.4318122,1,35
"CT-747",122,3.397530079,832.4318122,1,35
"CT-747",122,3.397530079,832.4318122,1,35
"CT-747",122,3.397530079,832.4318122,1,35
NA,114,5.11868,1385.16911,1,NA
NA,114,5.11868,1385.16911,1,NA
"CT-776",114,5.269050121,851.7995258,1,45
"CT-776",114,5.269050121,851.7995258,1,45
"CT-776",114,5.269050121,851.7995258,1,45
"CT-776",114,5.269050121,851.7995258,1,45
"CT-781",110,6.725029945,1477.605552,1,34
"CT-781",110,6.725029945,1477.605552,1,34
"CT-781",110,6.725029945,1477.605552,1,34
"CT-781",110,6.725029945,1477.605552,1,34
"CT-781",110,6.725029945,1477.605552,1,34
"CT-781",110,6.725029945,1477.605552,1,34
"CT-781",110,6.725029945,1477.605552,1,34
"CT-781",110,6.725029945,1477.605552,1,34
"CT-781",110,6.725029945,1477.605552,1,34
"CT-781",110,6.725029945,1477.605552,1,34
"CT-781",110,6.725029945,1477.605552,1,34
"CT-781",110,6.725029945,1477.605552,1,34
"CT-781",110,6.725029945,1477.605552,1,34
"CT-781",110,6.725029945,1477.605552,1,34
"CT-781",110,6.725029945,1477.605552,1,34
"CT-781",110,6.725029945,1477.605552,1,34
"CT-783",112,3.128629923,153.5526772,1,21
"CT-783",112,3.128629923,153.5526772,1,21
"CT-783",112,3.128629923,153.5526772,1,21
"CT-783",112,3.128629923,153.5526772,1,21
"CT-783",112,3.128629923,153.5526772,1,21
"CT-783",112,3.128629923,153.5526772,1,21
"CT-783",112,3.128629923,153.5526772,1,21
"CT-783",112,3.128629923,153.5526772,1,21
"CT-783",112,3.128629923,153.5526772,1,21
"CT-784",114,2.306710005,641.9984513,1,34
"CT-784",114,2.306710005,641.9984513,1,34
"CT-784",114,2.306710005,641.9984513,1,34
"CT-784",114,2.306710005,641.9984513,1,34
"CT-784",114,2.306710005,641.9984513,1,34
"CT-784",114,2.306710005,641.9984513,1,34
"CT-784",114,2.306710005,641.9984513,1,34
"CT-784",114,2.306710005,641.9984513,1,34
"CT-784",114,2.306710005,641.9984513,1,34
"CT-784",114,2.306710005,641.9984513,1,34
"CT-784",114,2.306710005,641.9984513,1,34
"CT-784",114,2.306710005,641.9984513,1,34
"CT-784",114,2.306710005,641.9984513,1,34
"CT-784",114,2.306710005,641.9984513,1,34
"CT-784",114,2.306710005,641.9984513,1,34
"CT-784",114,2.306710005,641.9984513,1,34
"CT-813",112,2.014149904,907.7857501,1,46
"CT-813",112,2.014149904,907.7857501,1,46
"CT-813",112,2.014149904,907.7857501,1,46
"CT-813",112,2.014149904,907.7857501,1,46
"CT-814",117,2.702709913,750.576518,1,46
"CT-814",117,2.702709913,750.576518,1,46
"CT-814",117,2.702709913,750.576518,1,46
"CT-814",117,2.702709913,750.576518,1,46
"CT-851",118,7.097670078,481.9999427,1,35
"CT-852",110,5.000989914,4.479209336,1,35
"CT-889",119,4.147490025,775.1144926,1,30
"CT-890",120,5.804629803,729.4761429,1,31
"CT-927",110,6.793719769,839.8199609,1,31
"CT-928",130,1.08118999,469.6826533,1,33
"CT-929",115,6.756130219,655.2713581,1,35
"CT-930",109,22.0095005,131.8926346,1,33
"CT-931",113,2.622529984,67.39952544,1,33
"CT-965",112,2.01583004,645.7421772,1,41
"CT-965",112,2.01583004,645.7421772,1,41
"CT-965",112,2.01583004,645.7421772,1,41
"CT-965",112,2.01583004,645.7421772,1,41
"CT-965",112,2.01583004,645.7421772,1,41
"CT-965",112,2.01583004,645.7421772,1,41
"CT-965",112,2.01583004,645.7421772,1,41
"CT-965",112,2.01583004,645.7421772,1,41
"CT-965",112,2.01583004,645.7421772,1,41
"CT-966",116,2.235949993,559.407365,1,57
"CT-966",116,2.235949993,559.407365,1,57
"CT-966",116,2.235949993,559.407365,1,57
"CT-966",116,2.235949993,559.407365,1,57
"CT-967",119,2.971859932,856.5846643,1,42
"CT-967",119,2.971859932,856.5846643,1,42
"CT-967",119,2.971859932,856.5846643,1,42
"CT-967",119,2.971859932,856.5846643,1,42
"CT-967",119,2.971859932,856.5846643,1,42
"CT-967",119,2.971859932,856.5846643,1,42
"CT-967",119,2.971859932,856.5846643,1,42
"CT-967",119,2.971859932,856.5846643,1,42
"CT-967",119,2.971859932,856.5846643,1,42
"CT-968",113,2.90019989,1191.074317,1,41
"CT-968",113,2.90019989,1191.074317,1,41
"CT-968",113,2.90019989,1191.074317,1,41
"CT-968",113,2.90019989,1191.074317,1,41
"CT-969",109,6.319719791,267.110841,1,47
